VaccinationDate,age_group,first_dose,second_dose,third_dose
2020-12-20,40-49,1868,0,0
2020-12-20,60-69,1517,0,0
2020-12-20,50-59,1790,0,0
2020-12-20,70-79,495,0,0
2020-12-20,30-39,1199,0,0
2020-12-20,80-89,94,0,0
2020-12-20,20-29,392,0,0
2020-12-20,90+,<15,0,0
2020-12-20,0-19,21,0,0
2020-12-21,70-79,4889,0,0
2020-12-21,60-69,7285,0,0
2020-12-21,0-19,67,0,0
2020-12-21,30-39,2786,0,0
2020-12-21,90+,167,0,0
2020-12-21,80-89,1165,0,0
2020-12-21,40-49,3790,0,0
2020-12-21,50-59,3692,0,0
2020-12-21,20-29,1068,0,0
2020-12-22,0-19,99,0,0
2020-12-22,30-39,3604,0,0
2020-12-22,40-49,4537,0,0
2020-12-22,50-59,4663,0,0
2020-12-22,20-29,1577,0,0
2020-12-22,70-79,11762,0,0
2020-12-22,90+,456,0,0
2020-12-22,80-89,3498,0,0
2020-12-22,60-69,14434,0,0
2020-12-23,30-39,3869,0,0
2020-12-23,70-79,18014,0,0
2020-12-23,60-69,21619,0,0
2020-12-23,50-59,5342,0,0
2020-12-23,0-19,160,0,0
2020-12-23,40-49,5042,0,0
2020-12-23,90+,1026,0,0
2020-12-23,20-29,2127,0,0
2020-12-23,80-89,5680,0,0
2020-12-24,40-49,5219,0,0
2020-12-24,80-89,7678,0,0
2020-12-24,30-39,3802,0,0
2020-12-24,90+,1349,0,0
2020-12-24,70-79,21761,0,0
2020-12-24,60-69,25645,0,0
2020-12-24,20-29,2074,0,0
2020-12-24,0-19,202,0,0
2020-12-24,50-59,5669,0,0
2020-12-25,30-39,1397,0,0
2020-12-25,0-19,126,0,0
2020-12-25,90+,764,0,0
2020-12-25,70-79,12285,0,0
2020-12-25,60-69,13409,0,0
2020-12-25,40-49,2256,0,0
2020-12-25,80-89,4531,0,0
2020-12-25,20-29,756,0,0
2020-12-25,50-59,2970,0,0
2020-12-26,40-49,1690,0,0
2020-12-26,30-39,984,0,0
2020-12-26,80-89,3750,0,0
2020-12-26,70-79,10605,0,0
2020-12-26,60-69,11903,0,0
2020-12-26,0-19,92,0,0
2020-12-26,50-59,2408,0,0
2020-12-26,20-29,486,0,0
2020-12-26,90+,690,0,0
2020-12-27,90+,2389,0,0
2020-12-27,50-59,10060,0,0
2020-12-27,30-39,6092,0,0
2020-12-27,80-89,11874,0,0
2020-12-27,40-49,8493,0,0
2020-12-27,60-69,32952,0,0
2020-12-27,0-19,489,0,0
2020-12-27,70-79,28547,0,0
2020-12-27,20-29,3589,0,0
2020-12-28,80-89,13675,0,0
2020-12-28,90+,2611,0,0
2020-12-28,50-59,14810,0,0
2020-12-28,40-49,13448,0,0
2020-12-28,20-29,6675,0,0
2020-12-28,30-39,9576,0,0
2020-12-28,70-79,32875,0,0
2020-12-28,0-19,1264,0,0
2020-12-28,60-69,40016,0,0
2020-12-29,0-19,1442,0,0
2020-12-29,50-59,18590,0,0
2020-12-29,20-29,7568,0,0
2020-12-29,60-69,43986,0,0
2020-12-29,40-49,16306,0,0
2020-12-29,70-79,35908,0,0
2020-12-29,90+,4363,0,0
2020-12-29,30-39,11584,0,0
2020-12-29,80-89,16457,0,0
2020-12-30,40-49,16213,0,0
2020-12-30,60-69,42067,0,0
2020-12-30,30-39,11711,0,0
2020-12-30,20-29,8228,0,0
2020-12-30,80-89,15460,0,0
2020-12-30,50-59,21067,0,0
2020-12-30,90+,3895,0,0
2020-12-30,0-19,1451,0,0
2020-12-30,70-79,32964,0,0
2020-12-31,30-39,13844,0,0
2020-12-31,50-59,26971,0,0
2020-12-31,70-79,29636,0,0
2020-12-31,40-49,19387,0,0
2020-12-31,80-89,14534,0,0
2020-12-31,0-19,1801,0,0
2020-12-31,60-69,38859,0,0
2020-12-31,90+,3766,0,0
2020-12-31,20-29,9672,0,0
2021-01-01,70-79,12482,0,0
2021-01-01,20-29,3332,0,0
2021-01-01,60-69,17561,0,0
2021-01-01,90+,1478,0,0
2021-01-01,40-49,9419,0,0
2021-01-01,80-89,6123,0,0
2021-01-01,0-19,822,0,0
2021-01-01,50-59,14380,0,0
2021-01-01,30-39,5796,0,0
2021-01-02,70-79,10364,0,0
2021-01-02,40-49,11803,0,0
2021-01-02,30-39,5596,0,0
2021-01-02,50-59,18348,0,0
2021-01-02,90+,1629,0,0
2021-01-02,0-19,858,0,0
2021-01-02,20-29,3345,0,0
2021-01-02,60-69,14328,0,0
2021-01-02,80-89,5430,0,0
2021-01-03,30-39,12699,0,0
2021-01-03,40-49,19345,0,0
2021-01-03,70-79,25694,0,0
2021-01-03,90+,2965,0,0
2021-01-03,20-29,9821,0,0
2021-01-03,0-19,2145,0,0
2021-01-03,60-69,35349,0,0
2021-01-03,80-89,12987,0,0
2021-01-03,50-59,28691,0,0
2021-01-04,30-39,14168,0,0
2021-01-04,60-69,32219,0,0
2021-01-04,90+,2667,0,0
2021-01-04,0-19,2267,0,0
2021-01-04,50-59,30984,0,0
2021-01-04,20-29,11318,0,0
2021-01-04,80-89,12096,0,0
2021-01-04,70-79,23450,0,0
2021-01-04,40-49,22957,0,0
2021-01-05,60-69,28965,0,0
2021-01-05,80-89,10420,0,0
2021-01-05,40-49,17459,0,0
2021-01-05,0-19,1831,0,0
2021-01-05,70-79,20589,0,0
2021-01-05,90+,2288,0,0
2021-01-05,20-29,8677,0,0
2021-01-05,30-39,11100,0,0
2021-01-05,50-59,23801,0,0
2021-01-06,50-59,18795,0,0
2021-01-06,20-29,7927,0,0
2021-01-06,70-79,16456,0,0
2021-01-06,40-49,13793,0,0
2021-01-06,90+,2116,0,0
2021-01-06,80-89,8828,0,0
2021-01-06,60-69,24576,0,0
2021-01-06,30-39,9124,0,0
2021-01-06,0-19,1684,0,0
2021-01-07,60-69,23646,0,0
2021-01-07,90+,1757,0,0
2021-01-07,20-29,8782,0,0
2021-01-07,80-89,7976,0,0
2021-01-07,30-39,11976,0,0
2021-01-07,70-79,15391,0,0
2021-01-07,0-19,1957,0,0
2021-01-07,40-49,19171,0,0
2021-01-07,50-59,25358,0,0
2021-01-08,40-49,16244,0,0
2021-01-08,50-59,14596,0,0
2021-01-08,90+,619,0,0
2021-01-08,60-69,9689,0,0
2021-01-08,70-79,5807,0,0
2021-01-08,0-19,1918,0,0
2021-01-08,80-89,2803,0,0
2021-01-08,20-29,5763,0,0
2021-01-08,30-39,8993,0,0
2021-01-09,80-89,1553,0,0
2021-01-09,90+,331,0,0
2021-01-09,40-49,12816,0,0
2021-01-09,60-69,5420,0,0
2021-01-09,30-39,6910,0,0
2021-01-09,70-79,3244,0,0
2021-01-09,20-29,3459,0,0
2021-01-09,0-19,1020,0,0
2021-01-09,50-59,9769,0,0
2021-01-10,90+,361,<15,0
2021-01-10,50-59,7462,1539,0
2021-01-10,30-39,5834,971,0
2021-01-10,80-89,1754,44,0
2021-01-10,60-69,5587,1208,0
2021-01-10,0-19,740,15,0
2021-01-10,20-29,3269,299,0
2021-01-10,40-49,9162,1575,0
2021-01-10,70-79,3450,339,0
2021-01-11,40-49,5269,2974,0
2021-01-11,80-89,869,868,0
2021-01-11,70-79,1702,3652,0
2021-01-11,20-29,1795,821,0
2021-01-11,50-59,5097,3014,0
2021-01-11,60-69,2515,5582,0
2021-01-11,30-39,3366,2162,0
2021-01-11,90+,203,129,0
2021-01-11,0-19,311,51,0
2021-01-12,20-29,2441,1303,0
2021-01-12,0-19,351,75,0
2021-01-12,60-69,3159,11293,0
2021-01-12,70-79,1779,8940,0
2021-01-12,80-89,867,2723,0
2021-01-12,50-59,7804,3961,0
2021-01-12,90+,182,353,0
2021-01-12,40-49,4496,3952,0
2021-01-12,30-39,2941,3050,0
2021-01-13,30-39,5174,3633,0
2021-01-13,60-69,6006,19138,0
2021-01-13,20-29,3830,1902,0
2021-01-13,50-59,23385,5056,0
2021-01-13,40-49,8044,4830,0
2021-01-13,0-19,695,137,0
2021-01-13,90+,240,928,0
2021-01-13,80-89,1487,4976,0
2021-01-13,70-79,3160,16243,0
2021-01-14,0-19,1048,167,0
2021-01-14,90+,202,1188,0
2021-01-14,30-39,7254,3766,0
2021-01-14,50-59,23382,5460,0
2021-01-14,70-79,2411,20240,0
2021-01-14,20-29,5550,1949,0
2021-01-14,80-89,1094,6907,0
2021-01-14,60-69,5124,23983,0
2021-01-14,40-49,10370,5158,0
2021-01-15,40-49,5937,2008,0
2021-01-15,30-39,4756,1313,0
2021-01-15,60-69,2427,12705,0
2021-01-15,90+,112,691,0
2021-01-15,80-89,558,4171,0
2021-01-15,70-79,1203,11489,0
2021-01-15,0-19,698,118,0
2021-01-15,20-29,3200,726,0
2021-01-15,50-59,11834,2696,0
2021-01-16,50-59,12245,1786,0
2021-01-16,20-29,2128,332,0
2021-01-16,70-79,751,8639,0
2021-01-16,80-89,357,3009,0
2021-01-16,30-39,3381,708,0
2021-01-16,0-19,542,65,0
2021-01-16,90+,76,578,0
2021-01-16,40-49,8269,1285,0
2021-01-16,60-69,1684,9601,0
2021-01-17,60-69,4493,27167,0
2021-01-17,20-29,10431,2578,0
2021-01-17,30-39,6835,4598,0
2021-01-17,40-49,18418,6385,0
2021-01-17,90+,190,1783,0
2021-01-17,50-59,21996,7406,0
2021-01-17,80-89,1058,9661,0
2021-01-17,70-79,2274,24631,0
2021-01-17,0-19,2687,310,0
2021-01-18,30-39,7341,8180,0
2021-01-18,80-89,886,12571,0
2021-01-18,70-79,1924,30796,0
2021-01-18,90+,146,2541,0
2021-01-18,60-69,3967,36400,0
2021-01-18,50-59,15904,12826,0
2021-01-18,20-29,15073,4766,0
2021-01-18,40-49,20624,11530,0
2021-01-18,0-19,3841,734,0
2021-01-19,70-79,1970,32866,0
2021-01-19,60-69,3916,39368,0
2021-01-19,50-59,14172,15481,0
2021-01-19,80-89,868,15065,0
2021-01-19,30-39,9145,9613,0
2021-01-19,0-19,3132,1104,0
2021-01-19,20-29,14027,6697,0
2021-01-19,90+,203,3847,0
2021-01-19,40-49,25357,13689,0
2021-01-20,60-69,3665,40115,0
2021-01-20,50-59,12902,18697,0
2021-01-20,80-89,818,14388,0
2021-01-20,90+,143,3383,0
2021-01-20,40-49,29712,14846,0
2021-01-20,20-29,12064,7893,0
2021-01-20,70-79,1836,32206,0
2021-01-20,30-39,12699,10789,0
2021-01-20,0-19,2935,1334,0
2021-01-21,90+,213,4016,0
2021-01-21,80-89,993,15741,0
2021-01-21,60-69,3864,41948,0
2021-01-21,30-39,13695,13548,0
2021-01-21,70-79,2073,32952,0
2021-01-21,20-29,9627,9674,0
2021-01-21,50-59,11086,25768,0
2021-01-21,0-19,2280,1739,0
2021-01-21,40-49,26054,18922,0
2021-01-22,20-29,3882,3067,0
2021-01-22,30-39,8130,5550,0
2021-01-22,70-79,937,13720,0
2021-01-22,80-89,508,6330,0
2021-01-22,90+,115,1505,0
2021-01-22,40-49,15364,8667,0
2021-01-22,0-19,1222,723,0
2021-01-22,60-69,2086,18525,0
2021-01-22,50-59,5602,12979,0
2021-01-23,80-89,386,4946,0
2021-01-23,50-59,5960,11317,0
2021-01-23,70-79,808,9405,0
2021-01-23,30-39,6363,3780,0
2021-01-23,90+,106,1493,0
2021-01-23,60-69,1581,12438,0
2021-01-23,20-29,3487,2160,0
2021-01-23,0-19,6653,482,0
2021-01-23,40-49,14572,7523,0
2021-01-24,0-19,12158,1764,0
2021-01-24,40-49,19967,18019,0
2021-01-24,70-79,1964,24552,0
2021-01-24,20-29,11038,8685,0
2021-01-24,50-59,8494,27026,0
2021-01-24,60-69,3636,33287,0
2021-01-24,30-39,10565,11727,0
2021-01-24,80-89,1005,12566,0
2021-01-24,90+,221,2993,0
2021-01-25,80-89,1009,11807,0
2021-01-25,90+,251,2575,0
2021-01-25,40-49,20487,20123,0
2021-01-25,70-79,2077,22797,0
2021-01-25,20-29,15504,9266,0
2021-01-25,0-19,14698,1864,0
2021-01-25,30-39,13367,12372,0
2021-01-25,60-69,3879,30384,0
2021-01-25,50-59,9571,28238,0
2021-01-26,0-19,14431,1763,0
2021-01-26,20-29,15562,8335,0
2021-01-26,40-49,19430,18274,0
2021-01-26,30-39,14183,11275,0
2021-01-26,70-79,1962,20409,0
2021-01-26,50-59,8400,25243,0
2021-01-26,90+,237,2237,0
2021-01-26,60-69,3497,28382,0
2021-01-26,80-89,933,10410,0
2021-01-27,20-29,14357,10241,0
2021-01-27,70-79,1743,19466,0
2021-01-27,50-59,8430,23772,0
2021-01-27,30-39,13650,11186,0
2021-01-27,80-89,851,10045,0
2021-01-27,90+,229,2276,0
2021-01-27,40-49,19649,17574,0
2021-01-27,0-19,15738,2089,0
2021-01-27,60-69,3223,28309,0
2021-01-28,90+,173,1925,0
2021-01-28,70-79,1521,18149,0
2021-01-28,80-89,680,8931,0
2021-01-28,50-59,7572,27727,0
2021-01-28,30-39,20219,13082,0
2021-01-28,20-29,15980,9901,0
2021-01-28,0-19,13372,2125,0
2021-01-28,60-69,2990,27700,0
2021-01-28,40-49,16972,20990,0
2021-01-29,40-49,8749,14192,0
2021-01-29,70-79,538,6923,0
2021-01-29,0-19,5631,1585,0
2021-01-29,20-29,5984,4947,0
2021-01-29,60-69,1247,11250,0
2021-01-29,90+,42,626,0
2021-01-29,30-39,10688,7803,0
2021-01-29,80-89,264,3161,0
2021-01-29,50-59,3481,14258,0
2021-01-30,80-89,176,1809,0
2021-01-30,70-79,458,3815,0
2021-01-30,20-29,5171,3130,0
2021-01-30,50-59,3144,9673,0
2021-01-30,40-49,8817,10625,0
2021-01-30,0-19,4980,906,0
2021-01-30,60-69,993,6571,0
2021-01-30,90+,30,391,0
2021-01-30,30-39,10588,5813,0
2021-01-31,70-79,1561,6969,0
2021-01-31,40-49,16123,12504,0
2021-01-31,80-89,680,3534,0
2021-01-31,60-69,2960,10826,0
2021-01-31,90+,168,741,0
2021-01-31,0-19,9552,1048,0
2021-01-31,30-39,21661,7542,0
2021-01-31,20-29,13344,4355,0
2021-01-31,50-59,7232,11937,0
2021-02-01,60-69,3064,5104,0
2021-02-01,90+,229,378,0
2021-02-01,0-19,10350,579,0
2021-02-01,70-79,1734,3400,0
2021-02-01,50-59,7595,7764,0
2021-02-01,30-39,24219,5038,0
2021-02-01,40-49,14861,8332,0
2021-02-01,20-29,19540,3042,0
2021-02-01,80-89,845,1667,0
2021-02-02,80-89,895,1400,0
2021-02-02,0-19,8628,439,0
2021-02-02,90+,244,292,0
2021-02-02,30-39,19990,3947,0
2021-02-02,40-49,13326,6359,0
2021-02-02,60-69,2903,4613,0
2021-02-02,50-59,6562,8857,0
2021-02-02,20-29,15774,2458,0
2021-02-02,70-79,1692,2656,0
2021-02-03,50-59,5771,21545,0
2021-02-03,30-39,17091,5202,0
2021-02-03,20-29,14721,3935,0
2021-02-03,60-69,2622,6497,0
2021-02-03,40-49,10649,8120,0
2021-02-03,70-79,1574,3477,0
2021-02-03,90+,237,308,0
2021-02-03,80-89,866,1632,0
2021-02-03,0-19,6696,655,0
2021-02-04,30-39,23233,7387,0
2021-02-04,60-69,2308,5588,0
2021-02-04,70-79,1204,2780,0
2021-02-04,0-19,6553,1437,0
2021-02-04,40-49,10522,10365,0
2021-02-04,20-29,22675,6221,0
2021-02-04,90+,142,239,0
2021-02-04,50-59,5261,22733,0
2021-02-04,80-89,645,1281,0
2021-02-05,20-29,9936,2556,0
2021-02-05,30-39,11311,4172,0
2021-02-05,90+,77,113,0
2021-02-05,70-79,546,1260,0
2021-02-05,50-59,2708,11437,0
2021-02-05,0-19,2754,524,0
2021-02-05,60-69,1083,2583,0
2021-02-05,40-49,5214,5523,0
2021-02-05,80-89,245,580,0
2021-02-06,90+,35,56,0
2021-02-06,80-89,143,265,0
2021-02-06,30-39,6940,2382,0
2021-02-06,70-79,267,635,0
2021-02-06,20-29,6980,1544,0
2021-02-06,40-49,3082,5497,0
2021-02-06,60-69,564,1431,0
2021-02-06,50-59,1628,10046,0
2021-02-06,0-19,1943,341,0
2021-02-07,20-29,16785,9272,0
2021-02-07,90+,166,226,0
2021-02-07,70-79,1123,2454,0
2021-02-07,0-19,4645,1828,0
2021-02-07,80-89,562,1178,0
2021-02-07,40-49,7781,18395,0
2021-02-07,30-39,16509,7408,0
2021-02-07,50-59,4370,23172,0
2021-02-07,60-69,2096,4742,0
2021-02-08,50-59,4491,16490,0
2021-02-08,80-89,569,927,0
2021-02-08,40-49,7839,19988,0
2021-02-08,0-19,4306,2587,0
2021-02-08,60-69,2111,4050,0
2021-02-08,70-79,1123,2025,0
2021-02-08,30-39,18061,6970,0
2021-02-08,20-29,19942,12191,0
2021-02-08,90+,136,163,0
2021-02-09,60-69,2575,3832,0
2021-02-09,50-59,5429,14198,0
2021-02-09,70-79,1259,1964,0
2021-02-09,0-19,5160,2701,0
2021-02-09,40-49,9121,23298,0
2021-02-09,30-39,19107,8349,0
2021-02-09,80-89,630,853,0
2021-02-09,20-29,22797,12097,0
2021-02-09,90+,205,189,0
2021-02-10,30-39,20629,11526,0
2021-02-10,40-49,9844,27831,0
2021-02-10,60-69,2714,3708,0
2021-02-10,90+,152,135,0
2021-02-10,70-79,1308,1851,0
2021-02-10,50-59,5756,13159,0
2021-02-10,20-29,24095,10817,0
2021-02-10,0-19,5408,2352,0
2021-02-10,80-89,576,828,0
2021-02-11,30-39,23203,13680,0
2021-02-11,0-19,6403,2293,0
2021-02-11,40-49,11897,26519,0
2021-02-11,20-29,27402,10580,0
2021-02-11,50-59,6840,11681,0
2021-02-11,90+,136,200,0
2021-02-11,60-69,3150,3941,0
2021-02-11,80-89,638,1011,0
2021-02-11,70-79,1416,2107,0
2021-02-12,40-49,5913,15142,0
2021-02-12,20-29,12980,3864,0
2021-02-12,30-39,11157,7817,0
2021-02-12,70-79,609,956,0
2021-02-12,60-69,1462,2117,0
2021-02-12,90+,61,102,0
2021-02-12,0-19,3093,1161,0
2021-02-12,80-89,287,483,0
2021-02-12,50-59,3479,5889,0
2021-02-13,20-29,9124,2376,0
2021-02-13,70-79,378,625,0
2021-02-13,30-39,7338,4644,0
2021-02-13,50-59,2595,5388,0
2021-02-13,0-19,2472,4049,0
2021-02-13,80-89,170,278,0
2021-02-13,60-69,1027,1313,0
2021-02-13,90+,26,72,0
2021-02-13,40-49,4291,11652,0
2021-02-14,0-19,6898,9915,0
2021-02-14,30-39,19921,11312,0
2021-02-14,80-89,718,957,0
2021-02-14,40-49,11650,21937,0
2021-02-14,70-79,1667,2018,0
2021-02-14,50-59,6971,8973,0
2021-02-14,90+,148,213,0
2021-02-14,60-69,3544,3676,0
2021-02-14,20-29,23337,10017,0
2021-02-15,40-49,12797,20508,0
2021-02-15,60-69,3870,4028,0
2021-02-15,0-19,7507,12381,0
2021-02-15,80-89,813,1043,0
2021-02-15,30-39,21546,12516,0
2021-02-15,90+,207,282,0
2021-02-15,20-29,25119,13214,0
2021-02-15,50-59,7858,9528,0
2021-02-15,70-79,1753,2134,0
2021-02-16,40-49,12697,19012,0
2021-02-16,70-79,1819,1971,0
2021-02-16,50-59,7606,8479,0
2021-02-16,90+,168,238,0
2021-02-16,80-89,773,970,0
2021-02-16,0-19,8486,14373,0
2021-02-16,30-39,21429,13742,0
2021-02-16,20-29,26552,15888,0
2021-02-16,60-69,3827,3535,0
2021-02-17,20-29,20651,15896,0
2021-02-17,50-59,5406,7961,0
2021-02-17,0-19,6350,15024,0
2021-02-17,70-79,970,1615,0
2021-02-17,30-39,15906,12866,0
2021-02-17,40-49,9767,18303,0
2021-02-17,90+,87,160,0
2021-02-17,80-89,373,722,0
2021-02-17,60-69,2397,3016,0
2021-02-18,50-59,6356,7965,0
2021-02-18,30-39,17977,18790,0
2021-02-18,80-89,389,648,0
2021-02-18,0-19,7301,14099,0
2021-02-18,20-29,21874,15697,0
2021-02-18,40-49,11182,17740,0
2021-02-18,70-79,1056,1519,0
2021-02-18,60-69,2880,3071,0
2021-02-18,90+,69,147,0
2021-02-19,50-59,3539,3697,0
2021-02-19,60-69,1486,1347,0
2021-02-19,80-89,188,274,0
2021-02-19,20-29,12692,6229,0
2021-02-19,40-49,6393,9336,0
2021-02-19,70-79,481,611,0
2021-02-19,30-39,10574,10371,0
2021-02-19,90+,25,55,0
2021-02-19,0-19,4227,6179,0
2021-02-20,30-39,7632,8145,0
2021-02-20,70-79,439,395,0
2021-02-20,50-59,2942,2889,0
2021-02-20,0-19,3900,4458,0
2021-02-20,90+,29,21,0
2021-02-20,80-89,161,146,0
2021-02-20,20-29,10152,4055,0
2021-02-20,40-49,5225,7714,0
2021-02-20,60-69,1139,871,0
2021-02-21,40-49,12460,17575,0
2021-02-21,30-39,20597,22692,0
2021-02-21,70-79,1835,1738,0
2021-02-21,50-59,7312,7614,0
2021-02-21,60-69,3808,3245,0
2021-02-21,80-89,767,824,0
2021-02-21,90+,173,212,0
2021-02-21,20-29,23876,14419,0
2021-02-21,0-19,8552,10063,0
2021-02-22,30-39,22740,23541,0
2021-02-22,20-29,25490,18506,0
2021-02-22,0-19,8655,9561,0
2021-02-22,90+,207,245,0
2021-02-22,80-89,879,881,0
2021-02-22,60-69,4179,3227,0
2021-02-22,50-59,7708,7651,0
2021-02-22,70-79,2124,1762,0
2021-02-22,40-49,13006,15162,0
2021-02-23,40-49,11643,13062,0
2021-02-23,50-59,6981,6593,0
2021-02-23,20-29,23947,16275,0
2021-02-23,80-89,848,890,0
2021-02-23,70-79,1861,1699,0
2021-02-23,60-69,3686,2883,0
2021-02-23,0-19,8462,9138,0
2021-02-23,90+,157,229,0
2021-02-23,30-39,19673,19636,0
2021-02-24,0-19,6841,7820,0
2021-02-24,90+,157,195,0
2021-02-24,20-29,18790,15899,0
2021-02-24,70-79,1573,1588,0
2021-02-24,80-89,711,820,0
2021-02-24,40-49,9285,10937,0
2021-02-24,60-69,2958,2707,0
2021-02-24,50-59,5514,5869,0
2021-02-24,30-39,15174,17221,0
2021-02-25,60-69,2660,2312,0
2021-02-25,40-49,8293,10282,0
2021-02-25,50-59,5096,5361,0
2021-02-25,30-39,12924,20721,0
2021-02-25,80-89,624,659,0
2021-02-25,20-29,15278,18350,0
2021-02-25,70-79,1244,1254,0
2021-02-25,90+,142,164,0
2021-02-25,0-19,5398,5622,0
2021-02-26,80-89,291,249,0
2021-02-26,30-39,6705,10559,0
2021-02-26,70-79,537,540,0
2021-02-26,20-29,7511,8686,0
2021-02-26,90+,51,67,0
2021-02-26,60-69,1198,1082,0
2021-02-26,40-49,4294,5331,0
2021-02-26,0-19,2648,2728,0
2021-02-26,50-59,2603,2737,0
2021-02-27,80-89,144,128,0
2021-02-27,40-49,2873,3170,0
2021-02-27,50-59,1728,1605,0
2021-02-27,70-79,344,272,0
2021-02-27,90+,17,34,0
2021-02-27,20-29,5762,6531,0
2021-02-27,30-39,4168,6909,0
2021-02-27,60-69,740,563,0
2021-02-27,0-19,2528,1964,0
2021-02-28,90+,94,170,0
2021-02-28,30-39,9906,17099,0
2021-02-28,70-79,1119,1141,0
2021-02-28,60-69,2161,2081,0
2021-02-28,40-49,6408,8630,0
2021-02-28,50-59,3835,4532,0
2021-02-28,20-29,11387,16638,0
2021-02-28,80-89,543,594,0
2021-02-28,0-19,4840,4950,0
2021-03-01,30-39,11154,18950,0
2021-03-01,50-59,4520,4536,0
2021-03-01,40-49,7150,8185,0
2021-03-01,60-69,2624,2184,0
2021-03-01,0-19,5073,4936,0
2021-03-01,80-89,627,618,0
2021-03-01,20-29,13041,20664,0
2021-03-01,70-79,1344,1166,0
2021-03-01,90+,129,143,0
2021-03-02,0-19,4286,4878,0
2021-03-02,80-89,575,649,0
2021-03-02,20-29,11488,22072,0
2021-03-02,70-79,1439,1209,0
2021-03-02,40-49,6496,9051,0
2021-03-02,90+,121,223,0
2021-03-02,30-39,9511,19087,0
2021-03-02,60-69,2808,2434,0
2021-03-02,50-59,4372,5124,0
2021-03-03,20-29,11600,22784,0
2021-03-03,30-39,9306,19340,0
2021-03-03,60-69,2854,2667,0
2021-03-03,90+,131,182,0
2021-03-03,50-59,4445,5547,0
2021-03-03,80-89,642,620,0
2021-03-03,40-49,6544,9170,0
2021-03-03,0-19,4861,5091,0
2021-03-03,70-79,1549,1312,0
2021-03-04,90+,107,143,0
2021-03-04,50-59,4354,6709,0
2021-03-04,20-29,10931,26512,0
2021-03-04,30-39,9044,22824,0
2021-03-04,80-89,517,638,0
2021-03-04,60-69,2562,3103,0
2021-03-04,0-19,4463,6146,0
2021-03-04,70-79,1227,1419,0
2021-03-04,40-49,6409,11549,0
2021-03-05,20-29,4742,13609,0
2021-03-05,90+,40,64,0
2021-03-05,80-89,207,269,0
2021-03-05,30-39,4044,11749,0
2021-03-05,70-79,498,632,0
2021-03-05,40-49,2954,6198,0
2021-03-05,60-69,1031,1467,0
2021-03-05,50-59,1994,3416,0
2021-03-05,0-19,1770,3012,0
2021-03-06,90+,21,29,0
2021-03-06,60-69,590,939,0
2021-03-06,50-59,1172,2470,0
2021-03-06,20-29,3245,8322,0
2021-03-06,40-49,1692,3954,0
2021-03-06,0-19,1446,2099,0
2021-03-06,70-79,258,353,0
2021-03-06,80-89,79,156,0
2021-03-06,30-39,2155,6999,0
2021-03-07,70-79,1100,1606,0
2021-03-07,0-19,3882,6538,0
2021-03-07,20-29,8771,23084,0
2021-03-07,60-69,2030,3339,0
2021-03-07,50-59,3136,6552,0
2021-03-07,90+,135,131,0
2021-03-07,80-89,532,684,0
2021-03-07,40-49,4767,11082,0
2021-03-07,30-39,6723,19787,0
2021-03-08,70-79,907,1652,0
2021-03-08,40-49,4022,11450,0
2021-03-08,60-69,1640,3570,0
2021-03-08,90+,107,208,0
2021-03-08,80-89,426,773,0
2021-03-08,20-29,8106,22569,0
2021-03-08,0-19,3358,6389,0
2021-03-08,50-59,2755,7072,0
2021-03-08,30-39,5976,19545,0
2021-03-09,0-19,3355,7471,0
2021-03-09,30-39,5860,19882,0
2021-03-09,40-49,4022,11782,0
2021-03-09,80-89,433,766,0
2021-03-09,50-59,2657,7088,0
2021-03-09,20-29,7727,24105,0
2021-03-09,70-79,819,1723,0
2021-03-09,90+,88,168,0
2021-03-09,60-69,1706,3560,0
2021-03-10,70-79,715,1033,0
2021-03-10,80-89,341,422,0
2021-03-10,60-69,1298,2381,0
2021-03-10,20-29,6746,19588,0
2021-03-10,90+,88,94,0
2021-03-10,50-59,2178,5109,0
2021-03-10,30-39,4944,14965,0
2021-03-10,40-49,3474,9034,0
2021-03-10,0-19,3473,5988,0
2021-03-11,90+,74,63,0
2021-03-11,30-39,5257,18398,0
2021-03-11,80-89,324,404,0
2021-03-11,0-19,3109,6908,0
2021-03-11,60-69,1330,2886,0
2021-03-11,40-49,3600,11268,0
2021-03-11,50-59,2211,6333,0
2021-03-11,70-79,599,1074,0
2021-03-11,20-29,6718,21674,0
2021-03-12,70-79,280,482,0
2021-03-12,60-69,564,1515,0
2021-03-12,20-29,3421,13143,0
2021-03-12,0-19,1430,4061,0
2021-03-12,30-39,2563,11309,0
2021-03-12,80-89,113,182,0
2021-03-12,90+,28,20,0
2021-03-12,40-49,1776,6805,0
2021-03-12,50-59,1030,3835,0
2021-03-13,20-29,2556,8206,0
2021-03-13,60-69,334,933,0
2021-03-13,90+,<15,26,0
2021-03-13,70-79,143,338,0
2021-03-13,30-39,1689,6107,0
2021-03-13,80-89,53,148,0
2021-03-13,50-59,718,2352,0
2021-03-13,0-19,1126,2997,0
2021-03-13,40-49,1284,4106,0
2021-03-14,90+,66,141,0
2021-03-14,60-69,1194,3500,0
2021-03-14,40-49,2991,11735,0
2021-03-14,70-79,581,1689,0
2021-03-14,0-19,2982,7361,0
2021-03-14,30-39,4566,19729,0
2021-03-14,50-59,1925,6772,0
2021-03-14,80-89,288,694,0
2021-03-14,20-29,6315,22270,0
2021-03-15,80-89,264,835,0
2021-03-15,90+,57,200,0
2021-03-15,0-19,2627,8052,0
2021-03-15,50-59,1838,7092,0
2021-03-15,20-29,6154,23771,0
2021-03-15,60-69,1071,3814,0
2021-03-15,70-79,519,1963,0
2021-03-15,30-39,4552,20418,0
2021-03-15,40-49,2986,12053,0
2021-03-16,30-39,4056,18163,0
2021-03-16,80-89,264,758,0
2021-03-16,20-29,5693,22216,0
2021-03-16,90+,75,142,0
2021-03-16,70-79,529,1704,0
2021-03-16,40-49,2794,10670,0
2021-03-16,50-59,1663,6379,0
2021-03-16,60-69,1009,3393,0
2021-03-16,0-19,2593,7990,0
2021-03-17,70-79,464,1574,0
2021-03-17,60-69,991,2907,0
2021-03-17,20-29,5243,17913,0
2021-03-17,0-19,2363,6299,0
2021-03-17,30-39,3967,14906,0
2021-03-17,40-49,2645,8973,0
2021-03-17,80-89,233,699,0
2021-03-17,90+,45,158,0
2021-03-17,50-59,1672,5528,0
2021-03-18,50-59,1545,5554,0
2021-03-18,30-39,3612,15037,0
2021-03-18,90+,67,131,0
2021-03-18,60-69,928,2844,0
2021-03-18,40-49,2436,9362,0
2021-03-18,70-79,442,1296,0
2021-03-18,80-89,239,646,0
2021-03-18,0-19,2060,6004,0
2021-03-18,20-29,4638,17194,0
2021-03-19,30-39,1739,7526,0
2021-03-19,0-19,833,2688,0
2021-03-19,70-79,143,548,0
2021-03-19,20-29,1954,8376,0
2021-03-19,40-49,1127,4546,0
2021-03-19,80-89,74,281,0
2021-03-19,60-69,324,1216,0
2021-03-19,90+,<15,41,0
2021-03-19,50-59,674,2704,0
2021-03-20,20-29,1775,4912,0
2021-03-20,80-89,47,104,0
2021-03-20,30-39,1049,3382,0
2021-03-20,90+,<15,<15,0
2021-03-20,0-19,719,2067,0
2021-03-20,50-59,469,1432,0
2021-03-20,40-49,776,2458,0
2021-03-20,70-79,102,298,0
2021-03-20,60-69,234,604,0
2021-03-21,40-49,1836,6252,0
2021-03-21,0-19,1769,4547,0
2021-03-21,20-29,4006,11789,0
2021-03-21,80-89,179,557,0
2021-03-21,70-79,376,1042,0
2021-03-21,50-59,1193,3718,0
2021-03-21,30-39,2955,10329,0
2021-03-21,60-69,750,2119,0
2021-03-21,90+,47,101,0
2021-03-22,60-69,744,1984,0
2021-03-22,50-59,1209,3656,0
2021-03-22,90+,69,125,0
2021-03-22,70-79,417,1058,0
2021-03-22,40-49,1914,6213,0
2021-03-22,0-19,1710,4602,0
2021-03-22,20-29,4213,12017,0
2021-03-22,30-39,3049,10265,0
2021-03-22,80-89,163,556,0
2021-03-23,50-59,286,649,0
2021-03-23,70-79,74,180,0
2021-03-23,30-39,587,1764,0
2021-03-23,20-29,848,2214,0
2021-03-23,80-89,27,89,0
2021-03-23,0-19,331,831,0
2021-03-23,60-69,190,301,0
2021-03-23,90+,<15,18,0
2021-03-23,40-49,404,1192,0
2021-03-24,20-29,3524,14394,0
2021-03-24,70-79,309,1263,0
2021-03-24,30-39,2355,11383,0
2021-03-24,50-59,921,4074,0
2021-03-24,80-89,182,666,0
2021-03-24,0-19,1388,5309,0
2021-03-24,60-69,552,2340,0
2021-03-24,90+,43,140,0
2021-03-24,40-49,1654,6921,0
2021-03-25,0-19,1282,4320,0
2021-03-25,20-29,3124,10940,0
2021-03-25,60-69,555,1588,0
2021-03-25,40-49,1501,5418,0
2021-03-25,70-79,285,768,0
2021-03-25,50-59,937,3179,0
2021-03-25,90+,45,97,0
2021-03-25,80-89,155,415,0
2021-03-25,30-39,2285,8632,0
2021-03-26,20-29,1213,4182,0
2021-03-26,90+,18,31,0
2021-03-26,70-79,105,257,0
2021-03-26,30-39,1004,3300,0
2021-03-26,80-89,43,141,0
2021-03-26,50-59,394,1162,0
2021-03-26,40-49,633,2130,0
2021-03-26,60-69,230,541,0
2021-03-26,0-19,472,1533,0
2021-03-27,50-59,138,388,0
2021-03-27,30-39,397,881,0
2021-03-27,40-49,247,650,0
2021-03-27,70-79,31,72,0
2021-03-27,60-69,84,165,0
2021-03-27,90+,<15,<15,0
2021-03-27,0-19,258,544,0
2021-03-27,80-89,<15,27,0
2021-03-27,20-29,591,1507,0
2021-03-28,50-59,182,431,0
2021-03-28,70-79,42,92,0
2021-03-28,30-39,442,942,0
2021-03-28,40-49,295,712,0
2021-03-28,60-69,72,190,0
2021-03-28,0-19,287,681,0
2021-03-28,20-29,735,1501,0
2021-03-28,90+,<15,<15,0
2021-03-28,80-89,15,28,0
2021-03-29,40-49,1032,4705,0
2021-03-29,80-89,131,434,0
2021-03-29,70-79,231,826,0
2021-03-29,90+,47,107,0
2021-03-29,50-59,718,2851,0
2021-03-29,60-69,465,1552,0
2021-03-29,30-39,1430,7019,0
2021-03-29,0-19,911,3645,0
2021-03-29,20-29,1876,8824,0
2021-03-30,80-89,158,379,0
2021-03-30,30-39,1612,5114,0
2021-03-30,90+,58,81,0
2021-03-30,50-59,736,2125,0
2021-03-30,20-29,2254,6687,0
2021-03-30,40-49,1073,3358,0
2021-03-30,0-19,1130,2841,0
2021-03-30,60-69,490,1172,0
2021-03-30,70-79,285,616,0
2021-03-31,30-39,1683,4715,0
2021-03-31,40-49,1197,2988,0
2021-03-31,80-89,201,284,0
2021-03-31,50-59,803,1782,0
2021-03-31,20-29,2319,5674,0
2021-03-31,90+,58,74,0
2021-03-31,0-19,1012,2327,0
2021-03-31,60-69,492,1010,0
2021-03-31,70-79,309,544,0
2021-04-01,30-39,1631,4437,0
2021-04-01,90+,48,63,0
2021-04-01,40-49,1231,2772,0
2021-04-01,60-69,502,889,0
2021-04-01,70-79,271,432,0
2021-04-01,0-19,1125,2377,0
2021-04-01,20-29,2318,5751,0
2021-04-01,80-89,168,241,0
2021-04-01,50-59,795,1657,0
2021-04-02,90+,<15,16,0
2021-04-02,60-69,135,326,0
2021-04-02,70-79,66,147,0
2021-04-02,20-29,847,2557,0
2021-04-02,0-19,334,909,0
2021-04-02,40-49,449,1296,0
2021-04-02,80-89,29,84,0
2021-04-02,30-39,679,2089,0
2021-04-02,50-59,323,643,0
2021-04-03,40-49,189,442,0
2021-04-03,70-79,35,66,0
2021-04-03,60-69,69,108,0
2021-04-03,80-89,<15,17,0
2021-04-03,0-19,209,388,0
2021-04-03,20-29,487,1083,0
2021-04-03,90+,<15,<15,0
2021-04-03,50-59,136,223,0
2021-04-03,30-39,259,603,0
2021-04-04,0-19,1282,2996,0
2021-04-04,30-39,2105,5437,0
2021-04-04,20-29,2857,7122,0
2021-04-04,40-49,1376,3477,0
2021-04-04,70-79,316,503,0
2021-04-04,90+,57,69,0
2021-04-04,50-59,874,1852,0
2021-04-04,60-69,569,1023,0
2021-04-04,80-89,162,310,0
2021-04-05,70-79,368,472,0
2021-04-05,50-59,940,1761,0
2021-04-05,40-49,1434,2958,0
2021-04-05,80-89,224,248,0
2021-04-05,0-19,1514,3124,0
2021-04-05,20-29,2956,6819,0
2021-04-05,90+,70,77,0
2021-04-05,60-69,592,907,0
2021-04-05,30-39,2190,4831,0
2021-04-06,0-19,1197,2231,0
2021-04-06,60-69,569,807,0
2021-04-06,90+,66,71,0
2021-04-06,70-79,381,411,0
2021-04-06,80-89,189,196,0
2021-04-06,40-49,1280,2488,0
2021-04-06,20-29,2443,5159,0
2021-04-06,50-59,858,1406,0
2021-04-06,30-39,1952,3940,0
2021-04-07,90+,83,56,0
2021-04-07,40-49,1212,2320,0
2021-04-07,70-79,316,360,0
2021-04-07,20-29,2528,4682,0
2021-04-07,60-69,601,673,0
2021-04-07,50-59,856,1301,0
2021-04-07,0-19,1236,2136,0
2021-04-07,30-39,1829,3467,0
2021-04-07,80-89,177,218,0
2021-04-08,60-69,586,806,0
2021-04-08,80-89,187,208,0
2021-04-08,90+,83,47,0
2021-04-08,50-59,858,1446,0
2021-04-08,0-19,1253,2110,0
2021-04-08,20-29,2601,5124,0
2021-04-08,40-49,1402,2573,0
2021-04-08,30-39,2018,4221,0
2021-04-08,70-79,318,382,0
2021-04-09,40-49,522,954,0
2021-04-09,30-39,915,1649,0
2021-04-09,0-19,475,771,0
2021-04-09,80-89,40,69,0
2021-04-09,50-59,341,508,0
2021-04-09,90+,<15,<15,0
2021-04-09,70-79,81,108,0
2021-04-09,20-29,958,1857,0
2021-04-09,60-69,179,242,0
2021-04-10,20-29,530,1204,0
2021-04-10,90+,<15,<15,0
2021-04-10,30-39,345,750,0
2021-04-10,40-49,222,526,0
2021-04-10,70-79,44,64,0
2021-04-10,60-69,80,115,0
2021-04-10,0-19,200,492,0
2021-04-10,50-59,150,301,0
2021-04-10,80-89,<15,28,0
2021-04-11,0-19,1304,2036,0
2021-04-11,40-49,1212,1993,0
2021-04-11,90+,60,64,0
2021-04-11,70-79,344,340,0
2021-04-11,60-69,568,679,0
2021-04-11,20-29,2568,4459,0
2021-04-11,80-89,160,176,0
2021-04-11,50-59,781,1178,0
2021-04-11,30-39,1987,3278,0
2021-04-12,60-69,573,635,0
2021-04-12,70-79,332,358,0
2021-04-12,80-89,210,165,0
2021-04-12,20-29,2501,4254,0
2021-04-12,90+,78,64,0
2021-04-12,0-19,1373,1777,0
2021-04-12,30-39,1759,3041,0
2021-04-12,40-49,1166,1821,0
2021-04-12,50-59,859,1049,0
2021-04-13,0-19,691,586,0
2021-04-13,20-29,1550,1449,0
2021-04-13,60-69,353,249,0
2021-04-13,90+,86,30,0
2021-04-13,70-79,239,137,0
2021-04-13,40-49,831,698,0
2021-04-13,80-89,162,78,0
2021-04-13,30-39,1283,1251,0
2021-04-13,50-59,552,416,0
2021-04-14,80-89,74,114,0
2021-04-14,60-69,233,300,0
2021-04-14,0-19,409,599,0
2021-04-14,50-59,391,502,0
2021-04-14,30-39,822,1224,0
2021-04-14,90+,17,34,0
2021-04-14,70-79,147,166,0
2021-04-14,40-49,546,807,0
2021-04-14,20-29,910,1486,0
2021-04-15,70-79,34,27,0
2021-04-15,0-19,70,77,0
2021-04-15,20-29,168,135,0
2021-04-15,40-49,79,83,0
2021-04-15,30-39,106,102,0
2021-04-15,60-69,53,40,0
2021-04-15,90+,<15,<15,0
2021-04-15,80-89,<15,<15,0
2021-04-15,50-59,81,56,0
2021-04-16,50-59,306,497,0
2021-04-16,70-79,78,143,0
2021-04-16,30-39,756,1669,0
2021-04-16,60-69,195,302,0
2021-04-16,20-29,994,2050,0
2021-04-16,90+,<15,24,0
2021-04-16,40-49,484,1025,0
2021-04-16,80-89,45,83,0
2021-04-16,0-19,462,797,0
2021-04-17,90+,0,<15,0
2021-04-17,30-39,179,450,0
2021-04-17,70-79,20,26,0
2021-04-17,40-49,112,277,0
2021-04-17,80-89,<15,<15,0
2021-04-17,50-59,71,146,0
2021-04-17,60-69,41,77,0
2021-04-17,20-29,276,690,0
2021-04-17,0-19,84,272,0
2021-04-18,50-59,640,570,0
2021-04-18,20-29,2088,2419,0
2021-04-18,80-89,94,91,0
2021-04-18,0-19,1113,986,0
2021-04-18,30-39,1426,1721,0
2021-04-18,40-49,968,1002,0
2021-04-18,70-79,231,210,0
2021-04-18,60-69,459,376,0
2021-04-18,90+,30,27,0
2021-04-19,30-39,1293,1591,0
2021-04-19,60-69,395,399,0
2021-04-19,40-49,866,926,0
2021-04-19,50-59,579,602,0
2021-04-19,20-29,1891,2224,0
2021-04-19,70-79,208,214,0
2021-04-19,0-19,974,908,0
2021-04-19,80-89,96,142,0
2021-04-19,90+,32,55,0
2021-04-20,60-69,366,424,0
2021-04-20,70-79,210,215,0
2021-04-20,90+,38,61,0
2021-04-20,40-49,920,965,0
2021-04-20,30-39,1380,1627,0
2021-04-20,80-89,97,147,0
2021-04-20,0-19,851,838,0
2021-04-20,20-29,1727,1966,0
2021-04-20,50-59,600,572,0
2021-04-21,20-29,1740,2104,0
2021-04-21,60-69,401,379,0
2021-04-21,50-59,676,621,0
2021-04-21,0-19,838,898,0
2021-04-21,70-79,212,222,0
2021-04-21,30-39,1355,1560,0
2021-04-21,90+,48,54,0
2021-04-21,40-49,881,1030,0
2021-04-21,80-89,121,163,0
2021-04-22,70-79,213,258,0
2021-04-22,50-59,577,711,0
2021-04-22,40-49,898,1087,0
2021-04-22,90+,<15,61,0
2021-04-22,80-89,85,166,0
2021-04-22,20-29,1635,2219,0
2021-04-22,0-19,776,968,0
2021-04-22,60-69,405,421,0
2021-04-22,30-39,1263,1711,0
2021-04-23,0-19,425,466,0
2021-04-23,80-89,27,35,0
2021-04-23,70-79,56,56,0
2021-04-23,60-69,125,145,0
2021-04-23,50-59,276,330,0
2021-04-23,90+,<15,<15,0
2021-04-23,40-49,413,490,0
2021-04-23,20-29,703,983,0
2021-04-23,30-39,651,807,0
2021-04-24,70-79,<15,16,0
2021-04-24,0-19,111,184,0
2021-04-24,40-49,111,180,0
2021-04-24,20-29,254,477,0
2021-04-24,60-69,27,32,0
2021-04-24,90+,0,<15,0
2021-04-24,30-39,143,261,0
2021-04-24,80-89,<15,<15,0
2021-04-24,50-59,57,96,0
2021-04-25,80-89,76,110,0
2021-04-25,50-59,438,553,0
2021-04-25,30-39,1053,1593,0
2021-04-25,40-49,688,951,0
2021-04-25,0-19,625,898,0
2021-04-25,70-79,168,205,0
2021-04-25,60-69,307,386,0
2021-04-25,90+,17,36,0
2021-04-25,20-29,1407,2147,0
2021-04-26,20-29,1630,2441,0
2021-04-26,0-19,871,1178,0
2021-04-26,50-59,441,661,0
2021-04-26,70-79,167,259,0
2021-04-26,90+,29,49,0
2021-04-26,80-89,78,154,0
2021-04-26,60-69,266,366,0
2021-04-26,40-49,736,1077,0
2021-04-26,30-39,1196,1643,0
2021-04-27,70-79,165,242,0
2021-04-27,40-49,637,945,0
2021-04-27,60-69,275,403,0
2021-04-27,0-19,655,872,0
2021-04-27,80-89,97,160,0
2021-04-27,20-29,1143,1799,0
2021-04-27,50-59,456,595,0
2021-04-27,30-39,989,1478,0
2021-04-27,90+,28,59,0
2021-04-28,40-49,630,938,0
2021-04-28,20-29,1295,2204,0
2021-04-28,30-39,953,1538,0
2021-04-28,80-89,57,157,0
2021-04-28,0-19,666,1073,0
2021-04-28,90+,21,79,0
2021-04-28,70-79,142,224,0
2021-04-28,60-69,257,407,0
2021-04-28,50-59,397,624,0
2021-04-29,40-49,707,1015,0
2021-04-29,80-89,79,155,0
2021-04-29,90+,16,70,0
2021-04-29,30-39,970,1646,0
2021-04-29,70-79,143,247,0
2021-04-29,60-69,291,398,0
2021-04-29,50-59,422,634,0
2021-04-29,20-29,1089,2089,0
2021-04-29,0-19,575,950,0
2021-04-30,70-79,29,79,0
2021-04-30,90+,<15,<15,0
2021-04-30,20-29,447,883,0
2021-04-30,50-59,195,266,0
2021-04-30,60-69,110,129,0
2021-04-30,40-49,335,442,0
2021-04-30,80-89,21,65,0
2021-04-30,30-39,453,835,0
2021-04-30,0-19,265,416,0
2021-05-01,80-89,<15,<15,0
2021-05-01,20-29,158,323,0
2021-05-01,70-79,<15,16,0
2021-05-01,90+,0,<15,0
2021-05-01,30-39,94,204,0
2021-05-01,50-59,31,48,0
2021-05-01,40-49,70,118,0
2021-05-01,60-69,16,35,0
2021-05-01,0-19,51,120,0
2021-05-02,70-79,107,174,0
2021-05-02,20-29,912,1851,0
2021-05-02,50-59,299,417,0
2021-05-02,80-89,48,95,0
2021-05-02,90+,<15,33,0
2021-05-02,60-69,167,327,0
2021-05-02,40-49,424,789,0
2021-05-02,0-19,520,959,0
2021-05-02,30-39,711,1398,0
2021-05-03,70-79,97,201,0
2021-05-03,30-39,791,1364,0
2021-05-03,50-59,311,455,0
2021-05-03,90+,15,49,0
2021-05-03,60-69,215,339,0
2021-05-03,0-19,548,820,0
2021-05-03,20-29,943,1612,0
2021-05-03,80-89,52,113,0
2021-05-03,40-49,509,795,0
2021-05-04,80-89,65,132,0
2021-05-04,20-29,1024,1278,0
2021-05-04,70-79,134,174,0
2021-05-04,30-39,780,1054,0
2021-05-04,90+,18,55,0
2021-05-04,40-49,490,685,0
2021-05-04,50-59,334,385,0
2021-05-04,60-69,213,243,0
2021-05-04,0-19,463,640,0
2021-05-05,20-29,816,1124,0
2021-05-05,40-49,495,535,0
2021-05-05,30-39,775,928,0
2021-05-05,70-79,83,150,0
2021-05-05,50-59,278,362,0
2021-05-05,90+,15,36,0
2021-05-05,0-19,513,570,0
2021-05-05,80-89,59,110,0
2021-05-05,60-69,171,191,0
2021-05-06,80-89,46,54,0
2021-05-06,20-29,925,954,0
2021-05-06,90+,<15,<15,0
2021-05-06,60-69,184,162,0
2021-05-06,30-39,836,644,0
2021-05-06,70-79,102,81,0
2021-05-06,40-49,502,393,0
2021-05-06,0-19,567,507,0
2021-05-06,50-59,379,248,0
2021-05-07,0-19,230,343,0
2021-05-07,70-79,41,47,0
2021-05-07,60-69,110,121,0
2021-05-07,90+,<15,<15,0
2021-05-07,80-89,<15,40,0
2021-05-07,20-29,439,721,0
2021-05-07,50-59,182,214,0
2021-05-07,40-49,293,367,0
2021-05-07,30-39,448,550,0
2021-05-08,70-79,<15,<15,0
2021-05-08,50-59,16,34,0
2021-05-08,20-29,76,182,0
2021-05-08,30-39,47,107,0
2021-05-08,60-69,<15,22,0
2021-05-08,40-49,26,61,0
2021-05-08,0-19,31,54,0
2021-05-08,80-89,<15,0,0
2021-05-08,90+,0,<15,0
2021-05-09,60-69,135,294,0
2021-05-09,70-79,96,154,0
2021-05-09,40-49,409,577,0
2021-05-09,30-39,635,1046,0
2021-05-09,20-29,757,1421,0
2021-05-09,90+,<15,46,0
2021-05-09,0-19,445,718,0
2021-05-09,50-59,281,364,0
2021-05-09,80-89,39,86,0
2021-05-10,70-79,99,159,0
2021-05-10,0-19,415,722,0
2021-05-10,20-29,729,1318,0
2021-05-10,30-39,648,1029,0
2021-05-10,50-59,290,375,0
2021-05-10,60-69,154,264,0
2021-05-10,90+,18,51,0
2021-05-10,40-49,447,613,0
2021-05-10,80-89,39,103,0
2021-05-11,40-49,341,544,0
2021-05-11,80-89,52,69,0
2021-05-11,50-59,227,339,0
2021-05-11,60-69,124,187,0
2021-05-11,20-29,713,1112,0
2021-05-11,0-19,411,518,0
2021-05-11,70-79,70,130,0
2021-05-11,30-39,575,881,0
2021-05-11,90+,<15,17,0
2021-05-12,80-89,27,72,0
2021-05-12,40-49,299,468,0
2021-05-12,90+,21,29,0
2021-05-12,70-79,55,98,0
2021-05-12,50-59,190,267,0
2021-05-12,30-39,499,730,0
2021-05-12,0-19,222,533,0
2021-05-12,20-29,499,847,0
2021-05-12,60-69,131,189,0
2021-05-13,80-89,24,75,0
2021-05-13,0-19,375,672,0
2021-05-13,20-29,549,942,0
2021-05-13,50-59,160,291,0
2021-05-13,70-79,53,132,0
2021-05-13,40-49,278,502,0
2021-05-13,30-39,403,768,0
2021-05-13,90+,<15,<15,0
2021-05-13,60-69,121,200,0
2021-05-14,40-49,114,209,0
2021-05-14,0-19,183,255,0
2021-05-14,80-89,15,21,0
2021-05-14,20-29,220,355,0
2021-05-14,60-69,40,63,0
2021-05-14,90+,<15,<15,0
2021-05-14,70-79,28,40,0
2021-05-14,50-59,96,127,0
2021-05-14,30-39,191,349,0
2021-05-15,20-29,71,61,0
2021-05-15,40-49,32,27,0
2021-05-15,0-19,22,16,0
2021-05-15,80-89,<15,<15,0
2021-05-15,50-59,20,48,0
2021-05-15,70-79,<15,<15,0
2021-05-15,30-39,39,35,0
2021-05-15,90+,0,<15,0
2021-05-15,60-69,<15,24,0
2021-05-16,70-79,17,29,0
2021-05-16,0-19,86,184,0
2021-05-16,80-89,<15,17,0
2021-05-16,90+,0,<15,0
2021-05-16,20-29,148,370,0
2021-05-16,60-69,27,56,0
2021-05-16,30-39,92,270,0
2021-05-16,50-59,46,97,0
2021-05-16,40-49,69,155,0
2021-05-17,60-69,17,76,0
2021-05-17,30-39,48,140,0
2021-05-17,40-49,41,112,0
2021-05-17,70-79,<15,29,0
2021-05-17,20-29,71,243,0
2021-05-17,80-89,0,<15,0
2021-05-17,0-19,37,81,0
2021-05-17,50-59,27,114,0
2021-05-18,40-49,274,687,0
2021-05-18,0-19,324,644,0
2021-05-18,20-29,467,1244,0
2021-05-18,70-79,66,219,0
2021-05-18,30-39,415,1169,0
2021-05-18,80-89,30,95,0
2021-05-18,60-69,118,329,0
2021-05-18,50-59,197,460,0
2021-05-18,90+,<15,40,0
2021-05-19,60-69,132,339,0
2021-05-19,80-89,45,91,0
2021-05-19,70-79,69,144,0
2021-05-19,0-19,334,698,0
2021-05-19,30-39,450,1084,0
2021-05-19,40-49,277,660,0
2021-05-19,20-29,638,1465,0
2021-05-19,50-59,175,463,0
2021-05-19,90+,26,30,0
2021-05-20,40-49,297,523,0
2021-05-20,60-69,133,221,0
2021-05-20,20-29,617,1027,0
2021-05-20,50-59,202,354,0
2021-05-20,70-79,69,138,0
2021-05-20,80-89,21,81,0
2021-05-20,0-19,389,572,0
2021-05-20,30-39,486,869,0
2021-05-20,90+,<15,27,0
2021-05-21,60-69,60,77,0
2021-05-21,70-79,20,35,0
2021-05-21,40-49,149,181,0
2021-05-21,30-39,266,332,0
2021-05-21,50-59,105,107,0
2021-05-21,80-89,<15,23,0
2021-05-21,0-19,188,239,0
2021-05-21,90+,0,<15,0
2021-05-21,20-29,312,340,0
2021-05-22,20-29,59,115,0
2021-05-22,80-89,<15,<15,0
2021-05-22,40-49,20,65,0
2021-05-22,50-59,26,32,0
2021-05-22,90+,0,<15,0
2021-05-22,60-69,<15,<15,0
2021-05-22,70-79,<15,<15,0
2021-05-22,30-39,41,93,0
2021-05-22,0-19,27,36,0
2021-05-23,60-69,109,153,0
2021-05-23,90+,<15,<15,0
2021-05-23,20-29,622,889,0
2021-05-23,50-59,236,270,0
2021-05-23,40-49,291,432,0
2021-05-23,0-19,381,519,0
2021-05-23,70-79,52,102,0
2021-05-23,30-39,522,764,0
2021-05-23,80-89,24,46,0
2021-05-24,30-39,457,935,0
2021-05-24,20-29,532,897,0
2021-05-24,80-89,27,65,0
2021-05-24,70-79,56,114,0
2021-05-24,40-49,262,518,0
2021-05-24,50-59,231,306,0
2021-05-24,0-19,356,517,0
2021-05-24,90+,<15,16,0
2021-05-24,60-69,117,176,0
2021-05-25,50-59,160,243,0
2021-05-25,80-89,31,70,0
2021-05-25,60-69,140,180,0
2021-05-25,70-79,65,98,0
2021-05-25,90+,<15,24,0
2021-05-25,40-49,279,360,0
2021-05-25,30-39,393,564,0
2021-05-25,20-29,427,623,0
2021-05-25,0-19,247,365,0
2021-05-26,50-59,113,200,0
2021-05-26,90+,<15,<15,0
2021-05-26,80-89,25,52,0
2021-05-26,30-39,271,615,0
2021-05-26,20-29,366,626,0
2021-05-26,0-19,235,364,0
2021-05-26,70-79,54,89,0
2021-05-26,60-69,79,140,0
2021-05-26,40-49,188,344,0
2021-05-27,90+,<15,23,0
2021-05-27,70-79,50,90,0
2021-05-27,0-19,291,585,0
2021-05-27,50-59,164,235,0
2021-05-27,60-69,76,163,0
2021-05-27,30-39,395,640,0
2021-05-27,20-29,510,942,0
2021-05-27,40-49,242,369,0
2021-05-27,80-89,21,66,0
2021-05-28,20-29,179,270,0
2021-05-28,90+,<15,<15,0
2021-05-28,50-59,86,168,0
2021-05-28,0-19,116,164,0
2021-05-28,60-69,39,92,0
2021-05-28,70-79,<15,38,0
2021-05-28,80-89,<15,<15,0
2021-05-28,40-49,110,230,0
2021-05-28,30-39,153,352,0
2021-05-29,0-19,19,33,0
2021-05-29,70-79,<15,<15,0
2021-05-29,60-69,<15,<15,0
2021-05-29,90+,0,<15,0
2021-05-29,50-59,16,16,0
2021-05-29,30-39,29,35,0
2021-05-29,40-49,32,23,0
2021-05-29,20-29,36,76,0
2021-05-29,80-89,<15,<15,0
2021-05-30,0-19,234,289,0
2021-05-30,70-79,58,78,0
2021-05-30,30-39,361,448,0
2021-05-30,40-49,240,279,0
2021-05-30,80-89,24,36,0
2021-05-30,50-59,165,162,0
2021-05-30,90+,<15,<15,0
2021-05-30,60-69,94,109,0
2021-05-30,20-29,412,484,0
2021-05-31,60-69,93,124,0
2021-05-31,30-39,452,501,0
2021-05-31,0-19,190,315,0
2021-05-31,40-49,216,283,0
2021-05-31,50-59,125,191,0
2021-05-31,20-29,508,539,0
2021-05-31,70-79,42,61,0
2021-05-31,90+,<15,<15,0
2021-05-31,80-89,<15,18,0
2021-06-01,30-39,239,414,0
2021-06-01,60-69,59,100,0
2021-06-01,0-19,210,302,0
2021-06-01,40-49,188,233,0
2021-06-01,50-59,143,149,0
2021-06-01,20-29,368,468,0
2021-06-01,70-79,38,55,0
2021-06-01,90+,<15,<15,0
2021-06-01,80-89,25,38,0
2021-06-02,60-69,71,87,0
2021-06-02,90+,<15,<15,0
2021-06-02,80-89,17,28,0
2021-06-02,70-79,43,49,0
2021-06-02,40-49,197,202,0
2021-06-02,20-29,457,430,0
2021-06-02,50-59,120,136,0
2021-06-02,30-39,280,342,0
2021-06-02,0-19,228,260,0
2021-06-03,40-49,179,185,0
2021-06-03,80-89,<15,30,0
2021-06-03,30-39,258,307,0
2021-06-03,0-19,508,257,0
2021-06-03,70-79,38,47,0
2021-06-03,60-69,66,94,0
2021-06-03,20-29,410,356,0
2021-06-03,50-59,119,129,0
2021-06-03,90+,<15,<15,0
2021-06-04,80-89,<15,<15,0
2021-06-04,50-59,65,78,0
2021-06-04,0-19,536,139,0
2021-06-04,20-29,121,140,0
2021-06-04,40-49,110,100,0
2021-06-04,60-69,21,42,0
2021-06-04,90+,0,<15,0
2021-06-04,70-79,<15,21,0
2021-06-04,30-39,134,165,0
2021-06-05,70-79,<15,<15,0
2021-06-05,20-29,40,36,0
2021-06-05,0-19,29,23,0
2021-06-05,50-59,<15,<15,0
2021-06-05,40-49,16,16,0
2021-06-05,30-39,43,26,0
2021-06-05,60-69,<15,<15,0
2021-06-06,0-19,3278,225,0
2021-06-06,90+,<15,<15,0
2021-06-06,80-89,<15,<15,0
2021-06-06,20-29,314,240,0
2021-06-06,70-79,42,38,0
2021-06-06,30-39,260,197,0
2021-06-06,40-49,142,104,0
2021-06-06,60-69,62,53,0
2021-06-06,50-59,124,80,0
2021-06-07,70-79,43,30,0
2021-06-07,60-69,72,46,0
2021-06-07,40-49,205,103,0
2021-06-07,20-29,465,199,0
2021-06-07,50-59,118,75,0
2021-06-07,90+,<15,<15,0
2021-06-07,0-19,3045,103,0
2021-06-07,80-89,28,24,0
2021-06-07,30-39,344,165,0
2021-06-08,20-29,270,276,0
2021-06-08,30-39,275,246,0
2021-06-08,50-59,106,112,0
2021-06-08,90+,<15,<15,0
2021-06-08,80-89,<15,18,0
2021-06-08,0-19,2763,186,0
2021-06-08,70-79,22,37,0
2021-06-08,60-69,69,75,0
2021-06-08,40-49,142,156,0
2021-06-09,20-29,335,350,0
2021-06-09,90+,<15,<15,0
2021-06-09,70-79,46,53,0
2021-06-09,0-19,2533,223,0
2021-06-09,50-59,105,100,0
2021-06-09,30-39,249,266,0
2021-06-09,80-89,16,29,0
2021-06-09,40-49,172,147,0
2021-06-09,60-69,65,80,0
2021-06-10,70-79,26,46,0
2021-06-10,40-49,172,160,0
2021-06-10,60-69,64,68,0
2021-06-10,30-39,255,266,0
2021-06-10,80-89,15,18,0
2021-06-10,20-29,363,324,0
2021-06-10,0-19,2254,241,0
2021-06-10,50-59,109,104,0
2021-06-10,90+,<15,<15,0
2021-06-11,0-19,955,96,0
2021-06-11,90+,<15,<15,0
2021-06-11,50-59,45,38,0
2021-06-11,70-79,<15,19,0
2021-06-11,30-39,100,118,0
2021-06-11,60-69,<15,23,0
2021-06-11,20-29,120,133,0
2021-06-11,80-89,<15,<15,0
2021-06-11,40-49,73,79,0
2021-06-12,70-79,<15,<15,0
2021-06-12,40-49,20,17,0
2021-06-12,50-59,<15,15,0
2021-06-12,20-29,40,40,0
2021-06-12,60-69,<15,<15,0
2021-06-12,30-39,37,33,0
2021-06-12,0-19,60,25,0
2021-06-13,20-29,298,318,0
2021-06-13,30-39,258,279,0
2021-06-13,70-79,35,39,0
2021-06-13,80-89,<15,<15,0
2021-06-13,40-49,169,157,0
2021-06-13,50-59,104,115,0
2021-06-13,90+,<15,<15,0
2021-06-13,60-69,64,57,0
2021-06-13,0-19,2129,239,0
2021-06-14,40-49,204,205,0
2021-06-14,80-89,<15,19,0
2021-06-14,70-79,29,30,0
2021-06-14,50-59,109,132,0
2021-06-14,0-19,1896,293,0
2021-06-14,90+,<15,<15,0
2021-06-14,30-39,295,305,0
2021-06-14,60-69,75,101,0
2021-06-14,20-29,351,376,0
2021-06-15,50-59,129,104,0
2021-06-15,0-19,1959,205,0
2021-06-15,90+,<15,<15,0
2021-06-15,40-49,187,164,0
2021-06-15,80-89,16,24,0
2021-06-15,70-79,29,54,0
2021-06-15,60-69,84,81,0
2021-06-15,30-39,286,331,0
2021-06-15,20-29,356,332,0
2021-06-16,20-29,293,201,0
2021-06-16,60-69,57,61,0
2021-06-16,70-79,29,50,0
2021-06-16,80-89,<15,31,0
2021-06-16,50-59,124,70,0
2021-06-16,0-19,1696,161,0
2021-06-16,90+,<15,15,0
2021-06-16,40-49,177,141,0
2021-06-16,30-39,252,197,0
2021-06-17,20-29,379,283,0
2021-06-17,80-89,16,<15,0
2021-06-17,90+,<15,<15,0
2021-06-17,60-69,70,57,0
2021-06-17,0-19,1539,206,0
2021-06-17,30-39,293,271,0
2021-06-17,40-49,208,149,0
2021-06-17,50-59,97,106,0
2021-06-17,70-79,27,43,0
2021-06-18,20-29,131,95,0
2021-06-18,0-19,732,75,0
2021-06-18,80-89,<15,<15,0
2021-06-18,60-69,27,26,0
2021-06-18,50-59,42,45,0
2021-06-18,70-79,<15,<15,0
2021-06-18,40-49,84,67,0
2021-06-18,90+,<15,0,0
2021-06-18,30-39,141,115,0
2021-06-19,40-49,<15,26,0
2021-06-19,50-59,15,15,0
2021-06-19,60-69,<15,<15,0
2021-06-19,0-19,62,<15,0
2021-06-19,70-79,<15,<15,0
2021-06-19,30-39,26,25,0
2021-06-19,80-89,<15,0,0
2021-06-19,20-29,49,33,0
2021-06-20,80-89,16,18,0
2021-06-20,90+,<15,<15,0
2021-06-20,50-59,136,138,0
2021-06-20,30-39,299,306,0
2021-06-20,20-29,365,281,0
2021-06-20,0-19,2154,204,0
2021-06-20,60-69,61,78,0
2021-06-20,40-49,198,211,0
2021-06-20,70-79,34,44,0
2021-06-21,30-39,461,256,0
2021-06-21,40-49,246,145,0
2021-06-21,90+,<15,<15,0
2021-06-21,0-19,3537,258,0
2021-06-21,50-59,155,77,0
2021-06-21,20-29,622,283,0
2021-06-21,80-89,<15,<15,0
2021-06-21,60-69,75,64,0
2021-06-21,70-79,34,57,0
2021-06-22,90+,<15,<15,0
2021-06-22,60-69,99,49,0
2021-06-22,0-19,5355,160,0
2021-06-22,40-49,249,169,0
2021-06-22,50-59,171,108,0
2021-06-22,30-39,382,242,0
2021-06-22,80-89,26,17,0
2021-06-22,70-79,47,35,0
2021-06-22,20-29,497,257,0
2021-06-23,0-19,8810,209,0
2021-06-23,40-49,328,165,0
2021-06-23,90+,<15,<15,0
2021-06-23,70-79,50,42,0
2021-06-23,60-69,125,73,0
2021-06-23,30-39,489,250,0
2021-06-23,20-29,580,358,0
2021-06-23,80-89,36,21,0
2021-06-23,50-59,206,112,0
2021-06-24,50-59,274,105,0
2021-06-24,90+,<15,<15,0
2021-06-24,20-29,634,317,0
2021-06-24,30-39,507,246,0
2021-06-24,70-79,79,47,0
2021-06-24,0-19,9891,424,0
2021-06-24,60-69,124,74,0
2021-06-24,80-89,36,16,0
2021-06-24,40-49,365,169,0
2021-06-25,50-59,139,53,0
2021-06-25,40-49,235,94,0
2021-06-25,60-69,50,29,0
2021-06-25,80-89,<15,<15,0
2021-06-25,30-39,287,115,0
2021-06-25,0-19,6000,458,0
2021-06-25,70-79,18,<15,0
2021-06-25,20-29,256,87,0
2021-06-26,50-59,34,<15,0
2021-06-26,60-69,<15,<15,0
2021-06-26,20-29,92,38,0
2021-06-26,40-49,65,25,0
2021-06-26,90+,<15,0,0
2021-06-26,0-19,1954,34,0
2021-06-26,80-89,<15,<15,0
2021-06-26,70-79,<15,<15,0
2021-06-26,30-39,60,43,0
2021-06-27,80-89,36,18,0
2021-06-27,50-59,287,146,0
2021-06-27,90+,<15,<15,0
2021-06-27,70-79,65,52,0
2021-06-27,30-39,740,275,0
2021-06-27,40-49,434,183,0
2021-06-27,20-29,817,299,0
2021-06-27,60-69,164,70,0
2021-06-27,0-19,11010,2354,0
2021-06-28,80-89,39,24,0
2021-06-28,30-39,642,258,0
2021-06-28,0-19,11756,2577,0
2021-06-28,50-59,330,116,0
2021-06-28,40-49,497,171,0
2021-06-28,90+,<15,<15,0
2021-06-28,70-79,69,51,0
2021-06-28,20-29,894,325,0
2021-06-28,60-69,178,76,0
2021-06-29,40-49,552,203,0
2021-06-29,30-39,775,296,0
2021-06-29,80-89,50,24,0
2021-06-29,0-19,13557,2596,0
2021-06-29,20-29,973,257,0
2021-06-29,70-79,101,55,0
2021-06-29,50-59,378,131,0
2021-06-29,60-69,202,89,0
2021-06-29,90+,<15,<15,0
2021-06-30,50-59,356,150,0
2021-06-30,70-79,107,46,0
2021-06-30,30-39,799,243,0
2021-06-30,80-89,62,29,0
2021-06-30,20-29,901,272,0
2021-06-30,90+,<15,<15,0
2021-06-30,40-49,574,176,0
2021-06-30,0-19,13340,2300,0
2021-06-30,60-69,209,82,0
2021-07-01,30-39,816,251,0
2021-07-01,40-49,613,179,0
2021-07-01,0-19,13529,2233,0
2021-07-01,50-59,399,133,0
2021-07-01,80-89,49,21,0
2021-07-01,90+,16,<15,0
2021-07-01,20-29,984,324,0
2021-07-01,60-69,221,109,0
2021-07-01,70-79,94,46,0
2021-07-02,0-19,8029,1040,0
2021-07-02,30-39,488,112,0
2021-07-02,60-69,95,46,0
2021-07-02,90+,<15,<15,0
2021-07-02,80-89,17,<15,0
2021-07-02,20-29,508,120,0
2021-07-02,70-79,42,22,0
2021-07-02,40-49,338,91,0
2021-07-02,50-59,214,78,0
2021-07-03,30-39,144,33,0
2021-07-03,50-59,62,<15,0
2021-07-03,70-79,18,<15,0
2021-07-03,40-49,120,37,0
2021-07-03,0-19,2058,108,0
2021-07-03,80-89,<15,<15,0
2021-07-03,60-69,30,<15,0
2021-07-03,20-29,187,57,0
2021-07-04,20-29,1020,255,0
2021-07-04,0-19,14339,2124,0
2021-07-04,80-89,62,23,0
2021-07-04,90+,<15,<15,0
2021-07-04,30-39,823,246,0
2021-07-04,60-69,237,101,0
2021-07-04,50-59,428,119,0
2021-07-04,40-49,638,188,0
2021-07-04,70-79,126,57,0
2021-07-05,0-19,14052,1888,0
2021-07-05,20-29,1191,293,0
2021-07-05,30-39,911,258,0
2021-07-05,70-79,136,47,0
2021-07-05,50-59,470,140,0
2021-07-05,80-89,46,16,0
2021-07-05,90+,<15,<15,0
2021-07-05,60-69,239,102,0
2021-07-05,40-49,709,217,0
2021-07-06,0-19,13881,2073,0
2021-07-06,50-59,420,135,0
2021-07-06,70-79,143,52,0
2021-07-06,90+,16,<15,0
2021-07-06,80-89,58,19,0
2021-07-06,30-39,931,335,0
2021-07-06,40-49,680,240,0
2021-07-06,60-69,293,94,0
2021-07-06,20-29,1337,381,0
2021-07-07,50-59,379,117,0
2021-07-07,30-39,851,258,0
2021-07-07,90+,24,<15,0
2021-07-07,20-29,1047,265,0
2021-07-07,70-79,112,46,0
2021-07-07,60-69,235,95,0
2021-07-07,40-49,704,169,0
2021-07-07,0-19,11999,1617,0
2021-07-07,80-89,66,25,0
2021-07-08,50-59,415,132,0
2021-07-08,30-39,965,272,0
2021-07-08,60-69,249,82,0
2021-07-08,40-49,691,218,0
2021-07-08,20-29,1245,305,0
2021-07-08,70-79,143,41,0
2021-07-08,80-89,82,21,0
2021-07-08,0-19,12675,1697,0
2021-07-08,90+,29,<15,0
2021-07-09,80-89,42,21,0
2021-07-09,90+,<15,<15,0
2021-07-09,30-39,626,146,0
2021-07-09,20-29,745,127,0
2021-07-09,40-49,496,114,0
2021-07-09,0-19,8658,869,0
2021-07-09,50-59,299,58,0
2021-07-09,70-79,63,18,0
2021-07-09,60-69,126,56,0
2021-07-10,30-39,276,60,0
2021-07-10,20-29,365,71,0
2021-07-10,0-19,3793,118,0
2021-07-10,40-49,240,51,0
2021-07-10,50-59,142,26,0
2021-07-10,80-89,<15,0,0
2021-07-10,60-69,69,<15,0
2021-07-10,70-79,25,<15,0
2021-07-11,60-69,50,68,0
2021-07-11,0-19,512,1978,0
2021-07-11,30-39,241,233,0
2021-07-11,50-59,102,71,0
2021-07-11,20-29,304,249,0
2021-07-11,40-49,175,156,0
2021-07-11,80-89,<15,21,0
2021-07-11,90+,0,<15,0
2021-07-11,70-79,19,25,0
2021-07-12,40-49,216,150,0
2021-07-12,70-79,25,27,0
2021-07-12,90+,<15,<15,0
2021-07-12,50-59,130,99,0
2021-07-12,20-29,458,314,0
2021-07-12,30-39,265,235,0
2021-07-12,80-89,<15,<15,0
2021-07-12,0-19,1170,2705,0
2021-07-12,60-69,71,61,0
2021-07-13,90+,<15,<15,0
2021-07-13,60-69,68,55,0
2021-07-13,40-49,209,173,0
2021-07-13,30-39,348,248,0
2021-07-13,80-89,19,17,0
2021-07-13,70-79,32,32,0
2021-07-13,0-19,1510,4324,0
2021-07-13,50-59,139,115,0
2021-07-13,20-29,545,393,0
2021-07-14,20-29,459,272,0
2021-07-14,90+,<15,<15,0
2021-07-14,0-19,1469,6519,0
2021-07-14,30-39,265,270,0
2021-07-14,70-79,36,39,0
2021-07-14,50-59,117,95,0
2021-07-14,60-69,80,66,0
2021-07-14,80-89,24,25,0
2021-07-14,40-49,198,152,0
2021-07-15,0-19,1673,8129,0
2021-07-15,90+,<15,<15,0
2021-07-15,50-59,138,113,0
2021-07-15,60-69,77,63,0
2021-07-15,70-79,33,62,0
2021-07-15,40-49,206,195,0
2021-07-15,30-39,297,265,0
2021-07-15,20-29,457,326,0
2021-07-15,80-89,<15,23,0
2021-07-16,80-89,<15,<15,0
2021-07-16,20-29,197,121,0
2021-07-16,40-49,88,127,0
2021-07-16,50-59,52,66,0
2021-07-16,90+,<15,<15,0
2021-07-16,70-79,<15,17,0
2021-07-16,30-39,122,125,0
2021-07-16,60-69,24,27,0
2021-07-16,0-19,692,5306,0
2021-07-17,80-89,<15,0,0
2021-07-17,40-49,18,29,0
2021-07-17,50-59,<15,21,0
2021-07-17,60-69,<15,<15,0
2021-07-17,20-29,56,51,0
2021-07-17,90+,0,<15,0
2021-07-17,70-79,<15,<15,0
2021-07-17,0-19,201,1198,0
2021-07-17,30-39,23,30,0
2021-07-18,80-89,<15,20,0
2021-07-18,70-79,28,35,0
2021-07-18,30-39,225,266,0
2021-07-18,0-19,1205,8790,0
2021-07-18,40-49,144,161,0
2021-07-18,20-29,271,264,0
2021-07-18,60-69,48,63,0
2021-07-18,90+,<15,<15,0
2021-07-18,50-59,85,116,0
2021-07-19,50-59,120,116,0
2021-07-19,0-19,1846,10127,0
2021-07-19,60-69,74,77,0
2021-07-19,30-39,299,298,0
2021-07-19,90+,<15,<15,0
2021-07-19,80-89,24,25,0
2021-07-19,20-29,486,351,0
2021-07-19,70-79,44,42,0
2021-07-19,40-49,229,188,0
2021-07-20,0-19,1501,10652,0
2021-07-20,20-29,386,335,0
2021-07-20,80-89,25,52,0
2021-07-20,60-69,76,90,0
2021-07-20,30-39,255,309,0
2021-07-20,90+,<15,24,0
2021-07-20,50-59,105,114,0
2021-07-20,70-79,45,56,0
2021-07-20,40-49,186,188,0
2021-07-21,20-29,321,280,0
2021-07-21,50-59,119,146,0
2021-07-21,30-39,222,303,0
2021-07-21,0-19,1363,10616,0
2021-07-21,40-49,164,194,0
2021-07-21,60-69,55,101,0
2021-07-21,80-89,21,44,0
2021-07-21,90+,<15,<15,0
2021-07-21,70-79,36,75,0
2021-07-22,60-69,82,95,0
2021-07-22,0-19,1646,11835,0
2021-07-22,80-89,16,35,0
2021-07-22,90+,<15,<15,0
2021-07-22,50-59,142,179,0
2021-07-22,30-39,283,380,0
2021-07-22,20-29,392,294,0
2021-07-22,70-79,36,54,0
2021-07-22,40-49,211,272,0
2021-07-23,90+,<15,<15,0
2021-07-23,40-49,131,99,0
2021-07-23,30-39,213,201,0
2021-07-23,70-79,<15,24,0
2021-07-23,80-89,<15,<15,0
2021-07-23,0-19,1266,7493,0
2021-07-23,50-59,73,92,0
2021-07-23,60-69,39,40,0
2021-07-23,20-29,218,153,0
2021-07-24,50-59,18,<15,0
2021-07-24,80-89,0,<15,0
2021-07-24,70-79,<15,<15,0
2021-07-24,0-19,391,1210,0
2021-07-24,60-69,<15,<15,0
2021-07-24,40-49,44,47,0
2021-07-24,30-39,56,44,0
2021-07-24,20-29,79,90,0
2021-07-25,30-39,377,421,0
2021-07-25,90+,<15,<15,0
2021-07-25,70-79,63,83,0
2021-07-25,80-89,27,39,0
2021-07-25,40-49,271,256,0
2021-07-25,60-69,119,116,0
2021-07-25,0-19,2811,13895,0
2021-07-25,20-29,536,438,0
2021-07-25,50-59,157,176,0
2021-07-26,70-79,54,76,0
2021-07-26,30-39,427,389,0
2021-07-26,0-19,3391,11844,0
2021-07-26,60-69,107,116,0
2021-07-26,50-59,175,176,0
2021-07-26,80-89,24,34,0
2021-07-26,40-49,306,253,0
2021-07-26,20-29,594,510,0
2021-07-26,90+,<15,<15,0
2021-07-27,0-19,3533,11584,0
2021-07-27,70-79,51,83,0
2021-07-27,20-29,697,626,0
2021-07-27,30-39,459,483,0
2021-07-27,60-69,103,141,0
2021-07-27,50-59,188,196,0
2021-07-27,90+,15,15,0
2021-07-27,80-89,27,32,0
2021-07-27,40-49,341,285,0
2021-07-28,90+,<15,32,0
2021-07-28,70-79,46,87,0
2021-07-28,0-19,2462,10627,0
2021-07-28,60-69,85,123,0
2021-07-28,20-29,474,414,0
2021-07-28,80-89,43,50,0
2021-07-28,30-39,390,438,0
2021-07-28,40-49,256,259,0
2021-07-28,50-59,161,198,0
2021-07-29,70-79,60,104,0
2021-07-29,50-59,192,189,0
2021-07-29,60-69,86,164,0
2021-07-29,90+,<15,27,0
2021-07-29,20-29,530,538,0
2021-07-29,0-19,2935,12038,0
2021-07-29,40-49,304,369,0
2021-07-29,80-89,27,56,0
2021-07-29,30-39,456,562,0
2021-07-30,50-59,131,150,0
2021-07-30,60-69,52,89,1914
2021-07-30,30-39,238,352,0
2021-07-30,20-29,274,314,0
2021-07-30,80-89,<15,25,446
2021-07-30,40-49,185,233,0
2021-07-30,90+,<15,<15,58
2021-07-30,0-19,1647,9531,0
2021-07-30,70-79,32,38,1597
2021-07-31,30-39,104,138,0
2021-07-31,40-49,64,90,0
2021-07-31,0-19,995,2983,0
2021-07-31,70-79,<15,17,2450
2021-07-31,60-69,21,42,2924
2021-07-31,50-59,39,52,0
2021-07-31,80-89,<15,<15,646
2021-07-31,90+,0,<15,90
2021-07-31,20-29,135,165,0
2021-08-01,50-59,82,51,0
2021-08-01,40-49,165,73,0
2021-08-01,20-29,280,163,0
2021-08-01,30-39,202,111,0
2021-08-01,70-79,47,49,12795
2021-08-01,90+,34,<15,945
2021-08-01,60-69,59,67,11936
2021-08-01,0-19,2107,2748,0
2021-08-01,80-89,61,28,5205
2021-08-02,30-39,208,165,0
2021-08-02,50-59,109,94,0
2021-08-02,20-29,340,259,0
2021-08-02,70-79,54,84,24009
2021-08-02,40-49,134,103,0
2021-08-02,90+,16,15,2124
2021-08-02,60-69,84,127,22345
2021-08-02,0-19,2082,2184,0
2021-08-02,80-89,31,41,9793
2021-08-03,30-39,259,221,0
2021-08-03,90+,<15,21,2966
2021-08-03,0-19,2191,2105,0
2021-08-03,60-69,91,171,30296
2021-08-03,40-49,174,112,0
2021-08-03,50-59,104,89,0
2021-08-03,70-79,69,116,32013
2021-08-03,80-89,37,41,13406
2021-08-03,20-29,386,332,0
2021-08-04,50-59,121,78,0
2021-08-04,70-79,67,141,32391
2021-08-04,30-39,266,224,0
2021-08-04,0-19,2373,2017,0
2021-08-04,40-49,174,145,0
2021-08-04,20-29,329,266,0
2021-08-04,80-89,35,60,13719
2021-08-04,60-69,101,188,31408
2021-08-04,90+,<15,18,2896
2021-08-05,30-39,306,253,0
2021-08-05,20-29,479,288,0
2021-08-05,60-69,135,225,35564
2021-08-05,0-19,2995,2206,0
2021-08-05,70-79,90,158,35159
2021-08-05,80-89,55,78,14293
2021-08-05,40-49,226,152,0
2021-08-05,50-59,146,109,0
2021-08-05,90+,15,22,3013
2021-08-06,90+,<15,<15,1442
2021-08-06,50-59,65,64,0
2021-08-06,40-49,110,76,0
2021-08-06,70-79,48,67,16837
2021-08-06,80-89,21,29,6918
2021-08-06,20-29,157,129,0
2021-08-06,0-19,1740,1130,0
2021-08-06,30-39,158,117,0
2021-08-06,60-69,68,136,19274
2021-08-07,50-59,35,29,0
2021-08-07,90+,<15,<15,744
2021-08-07,60-69,26,67,11987
2021-08-07,0-19,691,320,0
2021-08-07,30-39,78,41,0
2021-08-07,20-29,91,81,0
2021-08-07,40-49,38,32,0
2021-08-07,80-89,<15,15,3907
2021-08-07,70-79,18,37,10481
2021-08-08,0-19,3484,1745,0
2021-08-08,60-69,167,258,33252
2021-08-08,40-49,267,145,0
2021-08-08,20-29,422,268,0
2021-08-08,70-79,84,160,30491
2021-08-08,30-39,322,236,0
2021-08-08,50-59,161,121,0
2021-08-08,90+,24,<15,2545
2021-08-08,80-89,54,74,12866
2021-08-09,50-59,162,101,0
2021-08-09,0-19,3673,1593,0
2021-08-09,40-49,272,167,0
2021-08-09,90+,17,<15,2671
2021-08-09,80-89,62,76,12467
2021-08-09,30-39,364,234,0
2021-08-09,20-29,481,332,0
2021-08-09,60-69,173,272,31621
2021-08-09,70-79,100,168,28461
2021-08-10,60-69,166,290,31766
2021-08-10,30-39,455,258,94
2021-08-10,90+,23,21,2418
2021-08-10,50-59,216,155,938
2021-08-10,70-79,123,217,27291
2021-08-10,80-89,63,105,12319
2021-08-10,40-49,330,174,507
2021-08-10,20-29,623,350,0
2021-08-10,0-19,3527,1533,0
2021-08-11,0-19,3574,1466,0
2021-08-11,90+,19,<15,2146
2021-08-11,70-79,139,159,22117
2021-08-11,20-29,573,310,0
2021-08-11,80-89,70,68,10132
2021-08-11,30-39,446,271,86
2021-08-11,50-59,243,143,1072
2021-08-11,40-49,346,183,594
2021-08-11,60-69,224,243,26409
2021-08-12,30-39,562,268,84
2021-08-12,80-89,74,78,9496
2021-08-12,20-29,551,366,0
2021-08-12,90+,26,17,2099
2021-08-12,50-59,297,172,833
2021-08-12,70-79,138,158,20320
2021-08-12,40-49,401,189,467
2021-08-12,0-19,4724,1714,0
2021-08-12,60-69,221,257,26082
2021-08-13,50-59,122,171,16726
2021-08-13,20-29,285,211,0
2021-08-13,30-39,265,186,84
2021-08-13,0-19,2699,1050,0
2021-08-13,60-69,100,146,13545
2021-08-13,70-79,58,71,8236
2021-08-13,80-89,34,25,3933
2021-08-13,90+,<15,<15,903
2021-08-13,40-49,191,121,357
2021-08-14,0-19,1500,286,0
2021-08-14,80-89,19,<15,2239
2021-08-14,90+,<15,<15,491
2021-08-14,70-79,50,35,5228
2021-08-14,20-29,194,111,0
2021-08-14,30-39,146,61,102
2021-08-14,40-49,126,60,372
2021-08-14,60-69,66,62,8990
2021-08-14,50-59,119,167,27011
2021-08-15,90+,<15,20,1381
2021-08-15,0-19,4712,2445,0
2021-08-15,30-39,566,352,1521
2021-08-15,80-89,71,84,6570
2021-08-15,50-59,326,472,50199
2021-08-15,20-29,647,425,0
2021-08-15,70-79,125,166,13515
2021-08-15,60-69,271,271,21614
2021-08-15,40-49,424,243,2980
2021-08-16,80-89,68,51,5962
2021-08-16,30-39,579,342,1985
2021-08-16,40-49,488,281,3273
2021-08-16,0-19,4241,2475,0
2021-08-16,60-69,248,295,18549
2021-08-16,70-79,178,156,11967
2021-08-16,90+,15,15,1305
2021-08-16,20-29,731,429,0
2021-08-16,50-59,416,601,46244
2021-08-17,70-79,178,170,10281
2021-08-17,0-19,4665,2728,0
2021-08-17,80-89,86,91,4881
2021-08-17,90+,22,20,1121
2021-08-17,20-29,710,523,0
2021-08-17,30-39,681,405,2313
2021-08-17,40-49,536,306,4476
2021-08-17,60-69,261,291,17095
2021-08-17,50-59,421,522,42944
2021-08-18,80-89,71,53,4157
2021-08-18,20-29,789,455,0
2021-08-18,60-69,280,268,14364
2021-08-18,50-59,481,468,35304
2021-08-18,30-39,723,389,2037
2021-08-18,40-49,531,305,3634
2021-08-18,90+,17,<15,981
2021-08-18,70-79,137,143,8560
2021-08-18,0-19,5597,2433,0
2021-08-19,90+,27,20,774
2021-08-19,70-79,161,161,7276
2021-08-19,0-19,6660,2783,0
2021-08-19,20-29,877,528,0
2021-08-19,30-39,794,404,2230
2021-08-19,80-89,83,68,3525
2021-08-19,60-69,315,302,13754
2021-08-19,40-49,642,380,4211
2021-08-19,50-59,503,505,33956
2021-08-20,30-39,349,240,1295
2021-08-20,20-29,360,273,0
2021-08-20,80-89,30,16,1419
2021-08-20,70-79,71,59,2971
2021-08-20,60-69,126,115,6707
2021-08-20,90+,<15,<15,295
2021-08-20,0-19,3221,1400,0
2021-08-20,50-59,253,338,21093
2021-08-20,40-49,300,298,26284
2021-08-21,80-89,<15,<15,666
2021-08-21,90+,<15,<15,137
2021-08-21,70-79,29,31,1444
2021-08-21,0-19,2622,720,0
2021-08-21,60-69,50,84,3120
2021-08-21,40-49,219,222,31556
2021-08-21,30-39,179,119,1458
2021-08-21,50-59,127,169,11962
2021-08-21,20-29,243,162,0
2021-08-22,90+,23,15,575
2021-08-22,50-59,479,394,25932
2021-08-22,0-19,6382,2690,0
2021-08-22,60-69,292,222,10545
2021-08-22,40-49,754,566,51362
2021-08-22,30-39,766,334,5843
2021-08-22,80-89,87,55,2711
2021-08-22,20-29,929,367,0
2021-08-22,70-79,147,129,5949
2021-08-23,80-89,71,59,2441
2021-08-23,90+,28,<15,566
2021-08-23,50-59,520,392,21349
2021-08-23,40-49,844,541,43648
2021-08-23,70-79,150,135,5015
2021-08-23,60-69,272,231,8981
2021-08-23,30-39,898,339,8881
2021-08-23,0-19,7204,2273,0
2021-08-23,20-29,960,377,0
2021-08-24,40-49,831,556,40598
2021-08-24,60-69,296,246,8038
2021-08-24,80-89,72,68,2090
2021-08-24,0-19,7835,2364,0
2021-08-24,70-79,159,127,4621
2021-08-24,20-29,1038,478,0
2021-08-24,30-39,975,369,18748
2021-08-24,90+,17,<15,541
2021-08-24,50-59,522,419,19202
2021-08-25,80-89,59,44,1709
2021-08-25,70-79,148,129,3623
2021-08-25,90+,18,<15,462
2021-08-25,50-59,480,395,14918
2021-08-25,20-29,1044,398,0
2021-08-25,30-39,1045,468,35200
2021-08-25,60-69,256,247,6488
2021-08-25,40-49,828,471,32458
2021-08-25,0-19,5778,2237,0
2021-08-26,0-19,6172,2758,0
2021-08-26,50-59,466,405,16231
2021-08-26,90+,<15,<15,296
2021-08-26,60-69,221,224,6429
2021-08-26,40-49,822,512,34438
2021-08-26,20-29,1132,421,0
2021-08-26,70-79,144,117,3038
2021-08-26,80-89,55,40,1452
2021-08-26,30-39,1106,504,34338
2021-08-27,0-19,2858,1656,0
2021-08-27,30-39,398,269,19962
2021-08-27,90+,<15,<15,101
2021-08-27,60-69,96,93,3024
2021-08-27,20-29,373,179,0
2021-08-27,40-49,337,265,20841
2021-08-27,80-89,19,19,512
2021-08-27,70-79,43,37,1209
2021-08-27,50-59,177,191,8816
2021-08-28,0-19,2746,709,0
2021-08-28,30-39,256,176,13032
2021-08-28,20-29,251,141,0
2021-08-28,80-89,<15,<15,290
2021-08-28,70-79,24,30,723
2021-08-28,60-69,55,62,1657
2021-08-28,40-49,246,181,11733
2021-08-28,90+,<15,0,61
2021-08-28,50-59,111,139,4898
2021-08-29,40-49,769,526,22234
2021-08-29,90+,18,<15,260
2021-08-29,70-79,115,145,2572
2021-08-29,80-89,56,50,1158
2021-08-29,60-69,234,212,4835
2021-08-29,0-19,6582,3529,1546
2021-08-29,30-39,946,548,27065
2021-08-29,50-59,454,334,10481
2021-08-29,20-29,1181,544,9238
2021-08-30,20-29,1589,832,35478
2021-08-30,60-69,259,232,4824
2021-08-30,90+,<15,<15,317
2021-08-30,30-39,1364,670,28958
2021-08-30,80-89,56,44,1216
2021-08-30,50-59,567,407,10825
2021-08-30,0-19,7417,4011,9429
2021-08-30,40-49,945,603,22287
2021-08-30,70-79,128,138,2489
2021-08-31,90+,<15,<15,268
2021-08-31,20-29,1466,933,39630
2021-08-31,50-59,438,412,10085
2021-08-31,40-49,869,547,20317
2021-08-31,70-79,144,166,2376
2021-08-31,60-69,222,258,4664
2021-08-31,0-19,7632,3461,9898
2021-08-31,80-89,43,59,1181
2021-08-31,30-39,1283,600,26244
2021-09-01,80-89,48,57,890
2021-09-01,0-19,4480,2875,12346
2021-09-01,20-29,1801,1081,44109
2021-09-01,70-79,122,160,1956
2021-09-01,30-39,1163,640,23751
2021-09-01,40-49,756,501,17117
2021-09-01,60-69,227,277,3832
2021-09-01,50-59,453,333,7988
2021-09-01,90+,<15,<15,247
2021-09-02,50-59,477,388,9140
2021-09-02,20-29,1839,1108,38040
2021-09-02,30-39,1183,601,25263
2021-09-02,90+,22,<15,224
2021-09-02,80-89,64,59,798
2021-09-02,70-79,120,133,1812
2021-09-02,0-19,4132,4018,12239
2021-09-02,60-69,225,252,3862
2021-09-02,40-49,759,540,19947
2021-09-03,0-19,2171,2489,5909
2021-09-03,70-79,38,61,831
2021-09-03,20-29,529,498,16710
2021-09-03,30-39,437,339,15782
2021-09-03,90+,<15,<15,64
2021-09-03,60-69,71,101,1953
2021-09-03,40-49,320,301,12117
2021-09-03,80-89,<15,17,309
2021-09-03,50-59,151,233,5135
2021-09-04,80-89,<15,<15,188
2021-09-04,90+,<15,<15,47
2021-09-04,20-29,254,225,8531
2021-09-04,30-39,243,191,7483
2021-09-04,50-59,94,141,2714
2021-09-04,40-49,186,158,5761
2021-09-04,0-19,1833,1152,3776
2021-09-04,70-79,19,20,423
2021-09-04,60-69,42,71,983
2021-09-05,70-79,125,104,1421
2021-09-05,50-59,362,281,5132
2021-09-05,20-29,1280,878,28764
2021-09-05,90+,<15,<15,155
2021-09-05,0-19,3550,4074,9619
2021-09-05,80-89,46,38,615
2021-09-05,30-39,868,454,14820
2021-09-05,40-49,604,383,10144
2021-09-05,60-69,199,203,2524
2021-09-06,20-29,436,327,7326
2021-09-06,90+,<15,<15,28
2021-09-06,60-69,65,72,811
2021-09-06,40-49,268,169,3899
2021-09-06,80-89,17,22,144
2021-09-06,50-59,137,118,2058
2021-09-06,0-19,1512,1668,2963
2021-09-06,70-79,38,42,370
2021-09-06,30-39,336,214,5145
2021-09-07,60-69,15,25,282
2021-09-07,80-89,<15,<15,39
2021-09-07,70-79,<15,<15,141
2021-09-07,20-29,161,112,1401
2021-09-07,30-39,118,77,1340
2021-09-07,0-19,763,472,436
2021-09-07,40-49,60,76,1097
2021-09-07,50-59,47,37,621
2021-09-07,90+,0,0,<15
2021-09-08,0-19,859,729,620
2021-09-08,50-59,52,43,729
2021-09-08,90+,0,0,<15
2021-09-08,60-69,25,25,342
2021-09-08,40-49,98,73,1319
2021-09-08,30-39,115,82,1617
2021-09-08,80-89,<15,<15,61
2021-09-08,20-29,201,157,1760
2021-09-08,70-79,<15,16,144
2021-09-09,40-49,624,758,13770
2021-09-09,50-59,353,565,7060
2021-09-09,0-19,3659,8436,7586
2021-09-09,90+,15,19,171
2021-09-09,30-39,861,933,17472
2021-09-09,80-89,53,92,666
2021-09-09,20-29,1247,1049,21970
2021-09-09,70-79,111,256,1683
2021-09-09,60-69,190,387,3330
2021-09-10,80-89,32,26,269
2021-09-10,0-19,1820,3335,3488
2021-09-10,40-49,288,340,7703
2021-09-10,90+,<15,<15,50
2021-09-10,60-69,71,137,1562
2021-09-10,50-59,130,216,3719
2021-09-10,30-39,393,406,10211
2021-09-10,70-79,45,65,673
2021-09-10,20-29,443,413,10193
2021-09-11,0-19,1434,1755,1544
2021-09-11,40-49,124,160,3081
2021-09-11,50-59,74,95,1565
2021-09-11,90+,0,<15,21
2021-09-11,30-39,195,165,3686
2021-09-11,70-79,19,40,265
2021-09-11,60-69,38,49,605
2021-09-11,80-89,<15,<15,108
2021-09-11,20-29,214,187,3904
2021-09-12,40-49,516,483,8646
2021-09-12,20-29,1178,956,18105
2021-09-12,70-79,85,173,1401
2021-09-12,80-89,44,78,676
2021-09-12,60-69,162,271,2600
2021-09-12,90+,<15,<15,180
2021-09-12,50-59,283,360,4685
2021-09-12,30-39,783,644,11860
2021-09-12,0-19,3081,5575,5877
2021-09-13,40-49,551,523,8138
2021-09-13,50-59,318,405,4165
2021-09-13,90+,18,19,187
2021-09-13,20-29,1076,876,15636
2021-09-13,70-79,104,205,1147
2021-09-13,80-89,38,73,594
2021-09-13,30-39,743,688,10643
2021-09-13,60-69,166,328,2198
2021-09-13,0-19,2650,5067,5120
2021-09-14,80-89,37,72,513
2021-09-14,90+,<15,15,161
2021-09-14,30-39,612,645,11145
2021-09-14,50-59,249,370,5185
2021-09-14,40-49,472,512,9059
2021-09-14,60-69,131,279,2266
2021-09-14,20-29,802,687,14600
2021-09-14,70-79,67,156,1172
2021-09-14,0-19,2591,4622,4658
2021-09-15,70-79,16,37,328
2021-09-15,30-39,253,244,4072
2021-09-15,90+,<15,<15,21
2021-09-15,20-29,271,270,4191
2021-09-15,50-59,94,152,2153
2021-09-15,0-19,866,1621,1126
2021-09-15,40-49,166,211,3749
2021-09-15,80-89,<15,17,131
2021-09-15,60-69,50,110,876
2021-09-16,30-39,42,38,378
2021-09-16,90+,0,0,<15
2021-09-16,80-89,<15,<15,<15
2021-09-16,20-29,60,59,488
2021-09-16,0-19,162,329,114
2021-09-16,70-79,<15,<15,32
2021-09-16,50-59,<15,21,259
2021-09-16,60-69,<15,<15,83
2021-09-16,40-49,34,38,358
2021-09-17,30-39,485,589,11476
2021-09-17,50-59,197,347,4423
2021-09-17,20-29,592,582,11191
2021-09-17,80-89,17,52,244
2021-09-17,90+,0,<15,46
2021-09-17,40-49,411,469,8917
2021-09-17,70-79,31,118,758
2021-09-17,60-69,101,229,1768
2021-09-17,0-19,1844,4563,4008
2021-09-18,40-49,176,189,2795
2021-09-18,20-29,230,211,3104
2021-09-18,60-69,28,74,628
2021-09-18,80-89,<15,16,103
2021-09-18,70-79,<15,50,268
2021-09-18,50-59,84,112,1463
2021-09-18,30-39,236,216,3223
2021-09-18,0-19,1476,2036,1155
2021-09-18,90+,<15,<15,23
2021-09-19,30-39,850,846,9791
2021-09-19,80-89,41,101,593
2021-09-19,60-69,177,398,2433
2021-09-19,40-49,589,699,7452
2021-09-19,70-79,84,223,1365
2021-09-19,20-29,1246,1052,13619
2021-09-19,0-19,2610,6888,4576
2021-09-19,90+,<15,21,143
2021-09-19,50-59,363,459,4270
2021-09-20,80-89,<15,19,239
2021-09-20,60-69,56,143,986
2021-09-20,50-59,182,241,1792
2021-09-20,0-19,1760,2968,1517
2021-09-20,20-29,484,450,4611
2021-09-20,30-39,372,398,3965
2021-09-20,90+,<15,<15,40
2021-09-20,40-49,312,295,3014
2021-09-20,70-79,40,75,495
2021-09-21,70-79,<15,<15,104
2021-09-21,0-19,830,1542,285
2021-09-21,50-59,47,55,395
2021-09-21,60-69,22,29,180
2021-09-21,30-39,126,106,867
2021-09-21,80-89,<15,<15,48
2021-09-21,40-49,79,96,662
2021-09-21,20-29,188,163,880
2021-09-21,90+,<15,<15,<15
2021-09-22,40-49,425,549,4604
2021-09-22,50-59,263,385,2812
2021-09-22,90+,<15,17,121
2021-09-22,30-39,555,687,5932
2021-09-22,60-69,133,300,1703
2021-09-22,0-19,1987,4209,2003
2021-09-22,70-79,77,193,935
2021-09-22,80-89,33,62,450
2021-09-22,20-29,783,801,6425
2021-09-23,30-39,647,636,6815
2021-09-23,50-59,315,390,3389
2021-09-23,80-89,29,74,414
2021-09-23,20-29,804,715,6706
2021-09-23,90+,<15,16,123
2021-09-23,60-69,140,220,1899
2021-09-23,70-79,62,144,962
2021-09-23,0-19,1905,3132,1980
2021-09-23,40-49,485,526,5460
2021-09-24,70-79,31,63,511
2021-09-24,0-19,1564,2429,2058
2021-09-24,90+,<15,<15,49
2021-09-24,80-89,<15,19,174
2021-09-24,20-29,516,400,6787
2021-09-24,50-59,188,275,3364
2021-09-24,40-49,368,364,6083
2021-09-24,30-39,422,422,7293
2021-09-24,60-69,84,150,1337
2021-09-25,60-69,28,61,502
2021-09-25,80-89,<15,<15,60
2021-09-25,30-39,163,162,2588
2021-09-25,0-19,1409,1496,917
2021-09-25,50-59,86,111,1225
2021-09-25,20-29,219,207,2650
2021-09-25,70-79,15,20,170
2021-09-25,40-49,149,166,2282
2021-09-25,90+,0,0,<15
2021-09-26,70-79,68,123,1021
2021-09-26,90+,<15,<15,123
2021-09-26,0-19,2682,3283,3033
2021-09-26,50-59,391,426,4146
2021-09-26,60-69,175,237,2114
2021-09-26,20-29,934,690,9242
2021-09-26,80-89,41,54,421
2021-09-26,30-39,745,594,8871
2021-09-26,40-49,591,530,7216
2021-09-27,30-39,666,509,7569
2021-09-27,70-79,57,110,669
2021-09-27,20-29,808,553,8089
2021-09-27,60-69,152,201,1547
2021-09-27,50-59,335,339,3486
2021-09-27,80-89,31,33,210
2021-09-27,90+,<15,<15,34
2021-09-27,0-19,2144,2215,2778
2021-09-27,40-49,489,446,5996
2021-09-28,60-69,27,27,294
2021-09-28,30-39,211,124,1531
2021-09-28,40-49,146,107,1204
2021-09-28,80-89,<15,<15,28
2021-09-28,90+,0,<15,<15
2021-09-28,0-19,727,641,545
2021-09-28,20-29,237,167,1723
2021-09-28,50-59,93,58,761
2021-09-28,70-79,<15,22,103
2021-09-29,50-59,773,673,6773
2021-09-29,80-89,46,65,646
2021-09-29,90+,<15,21,151
2021-09-29,20-29,1856,1203,16296
2021-09-29,0-19,3812,3651,5426
2021-09-29,60-69,300,506,3439
2021-09-29,40-49,1197,924,11283
2021-09-29,70-79,104,242,1553
2021-09-29,30-39,1560,1015,14629
2021-09-30,60-69,400,488,4388
2021-09-30,0-19,3540,3610,6472
2021-09-30,20-29,2461,1303,20578
2021-09-30,80-89,60,92,693
2021-09-30,90+,<15,19,170
2021-09-30,70-79,107,240,1708
2021-09-30,40-49,1484,939,15774
2021-09-30,50-59,931,728,9060
2021-09-30,30-39,2004,1081,20723
2021-10-01,90+,<15,<15,42
2021-10-01,60-69,192,174,2127
2021-10-01,0-19,1563,1682,3559
2021-10-01,50-59,412,325,5232
2021-10-01,80-89,15,31,254
2021-10-01,70-79,48,82,699
2021-10-01,30-39,1021,500,13089
2021-10-01,20-29,1030,560,11736
2021-10-01,40-49,844,445,9693
2021-10-02,90+,<15,0,17
2021-10-02,80-89,<15,17,81
2021-10-02,30-39,512,250,5838
2021-10-02,70-79,23,27,260
2021-10-02,20-29,594,312,5900
2021-10-02,0-19,979,1035,1997
2021-10-02,60-69,99,66,905
2021-10-02,40-49,424,247,4751
2021-10-02,50-59,227,140,2631
2021-10-03,60-69,452,374,3931
2021-10-03,90+,18,23,153
2021-10-03,0-19,3582,2983,6240
2021-10-03,30-39,2079,905,16952
2021-10-03,70-79,168,203,1617
2021-10-03,20-29,2808,1250,20576
2021-10-03,40-49,1607,810,12735
2021-10-03,50-59,931,624,7777
2021-10-03,80-89,66,70,637
2021-10-04,50-59,896,567,5342
2021-10-04,30-39,1855,850,12348
2021-10-04,70-79,119,180,1196
2021-10-04,40-49,1402,788,8834
2021-10-04,60-69,364,319,2681
2021-10-04,20-29,2652,1173,15840
2021-10-04,80-89,72,87,614
2021-10-04,90+,20,27,177
2021-10-04,0-19,2956,2720,4766
2021-10-05,0-19,2724,2326,3745
2021-10-05,40-49,1063,549,6678
2021-10-05,20-29,2027,872,12603
2021-10-05,50-59,672,415,4112
2021-10-05,90+,17,<15,149
2021-10-05,80-89,57,58,499
2021-10-05,70-79,125,147,962
2021-10-05,30-39,1463,637,9725
2021-10-05,60-69,311,236,1905
2021-10-06,0-19,2312,1675,3434
2021-10-06,60-69,264,200,1645
2021-10-06,90+,18,<15,154
2021-10-06,70-79,113,95,803
2021-10-06,20-29,1928,772,10614
2021-10-06,40-49,941,456,5576
2021-10-06,30-39,1419,531,8086
2021-10-06,80-89,58,45,428
2021-10-06,50-59,550,338,3240
2021-10-07,50-59,541,329,3354
2021-10-07,80-89,51,46,362
2021-10-07,40-49,946,487,5744
2021-10-07,30-39,1237,581,8078
2021-10-07,0-19,1946,1425,3471
2021-10-07,60-69,243,194,1483
2021-10-07,70-79,75,95,704
2021-10-07,90+,<15,<15,105
2021-10-07,20-29,1874,800,10629
2021-10-08,30-39,593,326,4943
2021-10-08,0-19,896,1274,1912
2021-10-08,40-49,446,276,3383
2021-10-08,50-59,212,172,1846
2021-10-08,60-69,92,86,731
2021-10-08,80-89,18,<15,124
2021-10-08,20-29,823,396,5893
2021-10-08,70-79,18,39,299
2021-10-08,90+,<15,<15,30
2021-10-09,80-89,<15,<15,36
2021-10-09,0-19,497,780,851
2021-10-09,60-69,34,29,291
2021-10-09,50-59,95,73,759
2021-10-09,40-49,167,100,1259
2021-10-09,70-79,17,<15,100
2021-10-09,90+,0,<15,<15
2021-10-09,30-39,197,175,1607
2021-10-09,20-29,329,228,2491
2021-10-10,40-49,532,334,3258
2021-10-10,20-29,1201,620,7021
2021-10-10,80-89,22,47,286
2021-10-10,60-69,169,125,1042
2021-10-10,50-59,350,231,1911
2021-10-10,90+,<15,<15,78
2021-10-10,70-79,63,72,538
2021-10-10,0-19,1517,1831,2308
2021-10-10,30-39,835,455,5019
2021-10-11,60-69,150,128,938
2021-10-11,80-89,44,33,268
2021-10-11,30-39,749,427,3910
2021-10-11,40-49,533,290,2622
2021-10-11,20-29,1199,559,5522
2021-10-11,50-59,306,217,1580
2021-10-11,70-79,77,85,438
2021-10-11,90+,<15,<15,109
2021-10-11,0-19,1226,1156,1806
2021-10-12,50-59,330,176,1375
2021-10-12,30-39,705,400,3507
2021-10-12,90+,<15,<15,68
2021-10-12,40-49,446,285,2334
2021-10-12,70-79,54,60,421
2021-10-12,80-89,22,15,211
2021-10-12,20-29,997,518,4814
2021-10-12,0-19,1293,1388,1792
2021-10-12,60-69,130,117,762
2021-10-13,30-39,580,281,2990
2021-10-13,50-59,261,134,1259
2021-10-13,40-49,379,200,1996
2021-10-13,70-79,52,49,372
2021-10-13,80-89,31,26,203
2021-10-13,90+,<15,<15,87
2021-10-13,20-29,997,445,4340
2021-10-13,60-69,138,92,648
2021-10-13,0-19,1051,1181,1581
2021-10-14,30-39,712,311,3962
2021-10-14,40-49,446,208,2645
2021-10-14,60-69,126,97,778
2021-10-14,20-29,1032,400,5162
2021-10-14,90+,<15,<15,68
2021-10-14,50-59,272,134,1616
2021-10-14,0-19,1188,1407,1660
2021-10-14,70-79,57,53,388
2021-10-14,80-89,31,25,193
2021-10-15,0-19,542,872,904
2021-10-15,20-29,448,230,2814
2021-10-15,40-49,202,160,1568
2021-10-15,30-39,313,195,2270
2021-10-15,70-79,19,27,117
2021-10-15,50-59,102,85,816
2021-10-15,60-69,49,50,369
2021-10-15,90+,<15,<15,20
2021-10-15,80-89,<15,18,66
2021-10-16,50-59,54,51,377
2021-10-16,30-39,130,88,860
2021-10-16,40-49,73,68,716
2021-10-16,20-29,210,142,1378
2021-10-16,0-19,235,544,457
2021-10-16,60-69,21,<15,132
2021-10-16,70-79,<15,<15,61
2021-10-16,80-89,<15,<15,17
2021-10-16,90+,0,0,<15
2021-10-17,70-79,47,68,313
2021-10-17,0-19,910,1207,1224
2021-10-17,50-59,207,139,1114
2021-10-17,20-29,892,406,4190
2021-10-17,40-49,364,237,2052
2021-10-17,60-69,130,102,578
2021-10-17,90+,<15,<15,57
2021-10-17,30-39,523,310,3052
2021-10-17,80-89,35,26,162
2021-10-18,0-19,676,758,1120
2021-10-18,80-89,19,18,156
2021-10-18,90+,<15,<15,57
2021-10-18,40-49,271,154,1382
2021-10-18,60-69,90,63,460
2021-10-18,20-29,731,269,3425
2021-10-18,30-39,449,224,2264
2021-10-18,50-59,177,89,827
2021-10-18,70-79,42,47,294
2021-10-19,80-89,22,15,158
2021-10-19,0-19,676,579,988
2021-10-19,90+,<15,<15,62
2021-10-19,30-39,428,141,2056
2021-10-19,60-69,87,45,499
2021-10-19,50-59,147,71,756
2021-10-19,20-29,721,236,3093
2021-10-19,40-49,254,112,1374
2021-10-19,70-79,43,31,256
2021-10-20,60-69,76,64,487
2021-10-20,50-59,176,89,920
2021-10-20,90+,<15,<15,86
2021-10-20,80-89,20,24,170
2021-10-20,40-49,265,169,1393
2021-10-20,0-19,704,1207,1220
2021-10-20,20-29,706,399,3198
2021-10-20,70-79,56,42,287
2021-10-20,30-39,435,258,2243
2021-10-21,30-39,529,325,2836
2021-10-21,50-59,233,155,1068
2021-10-21,0-19,859,1632,1393
2021-10-21,70-79,42,64,333
2021-10-21,40-49,362,201,1829
2021-10-21,80-89,33,28,167
2021-10-21,60-69,121,102,572
2021-10-21,90+,<15,<15,58
2021-10-21,20-29,833,537,3816
2021-10-22,90+,0,<15,<15
2021-10-22,40-49,153,136,1008
2021-10-22,30-39,252,181,1606
2021-10-22,0-19,367,746,558
2021-10-22,80-89,<15,<15,60
2021-10-22,50-59,123,75,585
2021-10-22,70-79,26,17,94
2021-10-22,20-29,303,188,1575
2021-10-22,60-69,42,39,242
2021-10-23,60-69,<15,18,85
2021-10-23,70-79,<15,<15,25
2021-10-23,50-59,28,27,247
2021-10-23,0-19,249,964,383
2021-10-23,30-39,80,63,546
2021-10-23,40-49,54,42,397
2021-10-23,20-29,124,116,857
2021-10-23,80-89,<15,<15,<15
2021-10-24,30-39,408,301,2300
2021-10-24,80-89,25,33,161
2021-10-24,20-29,653,382,2943
2021-10-24,50-59,182,137,891
2021-10-24,60-69,101,111,518
2021-10-24,90+,<15,<15,31
2021-10-24,0-19,816,1430,1137
2021-10-24,70-79,52,31,308
2021-10-24,40-49,268,210,1518
2021-10-25,90+,<15,<15,48
2021-10-25,50-59,168,122,753
2021-10-25,20-29,653,388,2654
2021-10-25,60-69,91,83,454
2021-10-25,0-19,982,1597,1025
2021-10-25,30-39,390,234,1893
2021-10-25,70-79,48,57,241
2021-10-25,40-49,252,181,1203
2021-10-25,80-89,25,31,156
2021-10-26,50-59,155,116,803
2021-10-26,40-49,255,143,1261
2021-10-26,60-69,89,71,446
2021-10-26,30-39,342,225,1958
2021-10-26,80-89,19,23,160
2021-10-26,20-29,580,316,2547
2021-10-26,70-79,41,41,277
2021-10-26,90+,<15,<15,48
2021-10-26,0-19,886,1064,948
2021-10-27,40-49,276,196,1166
2021-10-27,0-19,783,1259,1003
2021-10-27,20-29,551,391,2354
2021-10-27,70-79,46,56,236
2021-10-27,50-59,165,156,729
2021-10-27,60-69,83,93,397
2021-10-27,80-89,43,41,148
2021-10-27,90+,<15,25,68
2021-10-27,30-39,343,302,1747
2021-10-28,80-89,19,35,109
2021-10-28,90+,<15,<15,49
2021-10-28,0-19,753,1224,942
2021-10-28,20-29,610,486,2551
2021-10-28,30-39,421,384,2142
2021-10-28,50-59,217,174,808
2021-10-28,70-79,35,45,236
2021-10-28,40-49,340,253,1338
2021-10-28,60-69,94,104,409
2021-10-29,60-69,26,34,191
2021-10-29,40-49,114,124,678
2021-10-29,50-59,48,73,338
2021-10-29,20-29,222,185,1139
2021-10-29,70-79,<15,<15,65
2021-10-29,90+,0,0,<15
2021-10-29,0-19,296,509,466
2021-10-29,30-39,153,156,1149
2021-10-29,80-89,<15,<15,29
2021-10-30,50-59,21,18,151
2021-10-30,0-19,115,262,213
2021-10-30,70-79,<15,<15,20
2021-10-30,60-69,<15,<15,56
2021-10-30,40-49,31,35,258
2021-10-30,30-39,57,63,375
2021-10-30,80-89,<15,<15,<15
2021-10-30,20-29,112,115,606
2021-10-31,30-39,360,308,1783
2021-10-31,90+,<15,<15,38
2021-10-31,40-49,247,236,1163
2021-10-31,20-29,640,520,2660
2021-10-31,70-79,33,48,216
2021-10-31,80-89,18,18,113
2021-10-31,0-19,715,1075,1139
2021-10-31,60-69,93,93,392
2021-10-31,50-59,163,169,688
2021-11-01,80-89,15,35,95
2021-11-01,60-69,79,92,308
2021-11-01,30-39,337,317,1474
2021-11-01,90+,<15,<15,30
2021-11-01,50-59,119,127,589
2021-11-01,40-49,176,204,863
2021-11-01,0-19,464,785,754
2021-11-01,20-29,493,459,2125
2021-11-01,70-79,36,45,162
2021-11-02,80-89,24,17,104
2021-11-02,60-69,79,83,319
2021-11-02,50-59,126,136,597
2021-11-02,70-79,51,51,161
2021-11-02,20-29,688,441,1809
2021-11-02,30-39,308,292,1553
2021-11-02,90+,<15,<15,42
2021-11-02,40-49,205,218,909
2021-11-02,0-19,538,755,707
2021-11-03,60-69,53,80,287
2021-11-03,20-29,469,350,1617
2021-11-03,40-49,204,193,787
2021-11-03,80-89,18,24,82
2021-11-03,30-39,314,269,1262
2021-11-03,90+,<15,<15,37
2021-11-03,70-79,36,32,176
2021-11-03,50-59,105,148,505
2021-11-03,0-19,550,751,710
2021-11-04,40-49,231,249,1088
2021-11-04,60-69,60,103,338
2021-11-04,0-19,810,1318,889
2021-11-04,30-39,332,346,1705
2021-11-04,70-79,27,54,167
2021-11-04,80-89,<15,21,94
2021-11-04,50-59,145,172,663
2021-11-04,20-29,478,501,2061
2021-11-04,90+,<15,<15,24
2021-11-05,0-19,222,354,399
2021-11-05,30-39,134,131,883
2021-11-05,50-59,71,50,344
2021-11-05,70-79,<15,20,70
2021-11-05,80-89,<15,<15,25
2021-11-05,90+,<15,<15,<15
2021-11-05,20-29,155,150,935
2021-11-05,60-69,27,42,141
2021-11-05,40-49,118,112,586
2021-11-06,30-39,56,46,285
2021-11-06,70-79,<15,<15,16
2021-11-06,80-89,<15,<15,<15
2021-11-06,60-69,<15,<15,42
2021-11-06,0-19,90,176,190
2021-11-06,50-59,<15,21,115
2021-11-06,40-49,33,24,176
2021-11-06,20-29,128,92,520
2021-11-07,40-49,191,205,913
2021-11-07,0-19,496,665,745
2021-11-07,80-89,15,20,63
2021-11-07,60-69,64,80,303
2021-11-07,70-79,25,36,184
2021-11-07,50-59,98,105,569
2021-11-07,30-39,272,257,1440
2021-11-07,20-29,431,383,1842
2021-11-07,90+,<15,<15,20
2021-11-08,50-59,96,116,444
2021-11-08,60-69,57,63,255
2021-11-08,40-49,185,165,730
2021-11-08,0-19,486,551,681
2021-11-08,90+,<15,<15,30
2021-11-08,80-89,<15,21,68
2021-11-08,30-39,236,227,1162
2021-11-08,70-79,15,29,137
2021-11-08,20-29,413,382,1815
2021-11-09,50-59,103,113,447
2021-11-09,70-79,21,38,162
2021-11-09,80-89,<15,22,105
2021-11-09,40-49,180,168,742
2021-11-09,20-29,378,326,1555
2021-11-09,90+,<15,<15,38
2021-11-09,0-19,398,540,673
2021-11-09,60-69,60,74,272
2021-11-09,30-39,280,276,1238
2021-11-10,80-89,<15,<15,80
2021-11-10,50-59,96,133,399
2021-11-10,60-69,47,73,223
2021-11-10,40-49,162,151,698
2021-11-10,0-19,472,635,643
2021-11-10,30-39,231,206,1096
2021-11-10,90+,<15,<15,37
2021-11-10,70-79,32,48,145
2021-11-10,20-29,380,355,1346
2021-11-11,60-69,55,79,258
2021-11-11,20-29,428,443,1638
2021-11-11,90+,<15,<15,26
2021-11-11,40-49,173,179,854
2021-11-11,80-89,<15,27,85
2021-11-11,30-39,289,297,1429
2021-11-11,0-19,527,709,724
2021-11-11,70-79,33,33,140
2021-11-11,50-59,111,144,486
2021-11-12,30-39,103,106,742
2021-11-12,80-89,<15,<15,25
2021-11-12,70-79,<15,<15,33
2021-11-12,60-69,15,26,95
2021-11-12,20-29,142,150,793
2021-11-12,0-19,223,359,408
2021-11-12,50-59,36,46,239
2021-11-12,90+,<15,0,<15
2021-11-12,40-49,72,84,486
2021-11-13,0-19,75,113,158
2021-11-13,70-79,<15,<15,<15
2021-11-13,80-89,0,<15,<15
2021-11-13,30-39,53,32,255
2021-11-13,40-49,19,24,162
2021-11-13,60-69,<15,<15,36
2021-11-13,20-29,68,78,356
2021-11-13,50-59,19,<15,103
2021-11-14,0-19,542,654,707
2021-11-14,40-49,169,169,779
2021-11-14,70-79,25,45,136
2021-11-14,50-59,81,112,452
2021-11-14,90+,<15,<15,22
2021-11-14,60-69,42,60,248
2021-11-14,20-29,423,332,1447
2021-11-14,80-89,<15,20,61
2021-11-14,30-39,254,212,1209
2021-11-15,50-59,88,82,384
2021-11-15,20-29,331,416,1516
2021-11-15,60-69,54,58,223
2021-11-15,80-89,16,22,56
2021-11-15,30-39,214,195,985
2021-11-15,70-79,19,35,108
2021-11-15,40-49,141,142,657
2021-11-15,0-19,372,616,732
2021-11-15,90+,<15,<15,19
2021-11-16,30-39,217,198,975
2021-11-16,60-69,41,62,219
2021-11-16,50-59,87,100,392
2021-11-16,70-79,25,33,118
2021-11-16,40-49,148,149,676
2021-11-16,90+,<15,<15,16
2021-11-16,20-29,334,293,1186
2021-11-16,0-19,404,525,620
2021-11-16,80-89,<15,<15,51
2021-11-17,70-79,27,28,111
2021-11-17,40-49,120,132,536
2021-11-17,60-69,41,61,213
2021-11-17,50-59,89,100,343
2021-11-17,90+,<15,<15,26
2021-11-17,0-19,407,660,515
2021-11-17,20-29,293,301,1120
2021-11-17,30-39,205,216,865
2021-11-17,80-89,18,21,54
2021-11-18,50-59,78,128,422
2021-11-18,0-19,416,540,631
2021-11-18,40-49,142,207,768
2021-11-18,70-79,27,40,158
2021-11-18,80-89,<15,28,50
2021-11-18,30-39,253,249,1213
2021-11-18,60-69,53,69,269
2021-11-18,20-29,376,375,1385
2021-11-18,90+,<15,<15,<15
2021-11-19,90+,0,<15,<15
2021-11-19,70-79,<15,<15,41
2021-11-19,80-89,0,<15,15
2021-11-19,60-69,19,21,79
2021-11-19,40-49,70,76,402
2021-11-19,20-29,148,151,651
2021-11-19,0-19,193,293,316
2021-11-19,50-59,42,62,208
2021-11-19,30-39,103,99,651
2021-11-20,0-19,87,104,124
2021-11-20,60-69,<15,<15,40
2021-11-20,70-79,0,<15,15
2021-11-20,50-59,<15,<15,101
2021-11-20,20-29,63,58,301
2021-11-20,40-49,16,<15,139
2021-11-20,30-39,35,31,169
2021-11-20,80-89,<15,<15,0
2021-11-21,90+,<15,<15,19
2021-11-21,70-79,28,33,137
2021-11-21,50-59,99,98,441
2021-11-21,40-49,159,165,751
2021-11-21,0-19,497,541,691
2021-11-21,20-29,346,356,1269
2021-11-21,80-89,<15,19,50
2021-11-21,60-69,45,70,253
2021-11-21,30-39,229,217,1190
2021-11-22,60-69,40,57,198
2021-11-22,20-29,338,353,1327
2021-11-22,80-89,<15,20,53
2021-11-22,40-49,128,158,590
2021-11-22,30-39,238,223,905
2021-11-22,70-79,23,28,93
2021-11-22,90+,<15,<15,17
2021-11-22,50-59,73,100,331
2021-11-22,0-19,808,547,612
2021-11-23,30-39,178,190,918
2021-11-23,40-49,114,134,609
2021-11-23,80-89,<15,23,43
2021-11-23,60-69,40,57,196
2021-11-23,50-59,79,101,324
2021-11-23,0-19,7851,762,545
2021-11-23,20-29,326,339,1144
2021-11-23,70-79,22,35,104
2021-11-23,90+,<15,<15,<15
2021-11-24,80-89,<15,26,66
2021-11-24,30-39,212,182,925
2021-11-24,70-79,18,32,109
2021-11-24,20-29,279,268,1031
2021-11-24,90+,<15,<15,<15
2021-11-24,50-59,72,107,343
2021-11-24,0-19,8577,444,518
2021-11-24,60-69,43,63,195
2021-11-24,40-49,149,150,584
2021-11-25,50-59,88,154,420
2021-11-25,0-19,8914,590,686
2021-11-25,80-89,<15,23,53
2021-11-25,20-29,346,287,1284
2021-11-25,30-39,242,234,1201
2021-11-25,70-79,23,26,101
2021-11-25,40-49,132,190,756
2021-11-25,90+,<15,<15,19
2021-11-25,60-69,58,57,215
2021-11-26,40-49,85,97,478
2021-11-26,0-19,5196,265,348
2021-11-26,50-59,43,48,262
2021-11-26,80-89,<15,<15,<15
2021-11-26,90+,<15,0,<15
2021-11-26,60-69,17,22,107
2021-11-26,20-29,125,126,710
2021-11-26,30-39,113,133,703
2021-11-26,70-79,<15,<15,51
2021-11-27,40-49,36,33,165
2021-11-27,80-89,0,<15,<15
2021-11-27,30-39,26,42,251
2021-11-27,70-79,<15,<15,<15
2021-11-27,0-19,4625,122,154
2021-11-27,60-69,<15,<15,43
2021-11-27,20-29,64,80,366
2021-11-27,50-59,18,<15,107
2021-11-28,20-29,317,310,1213
2021-11-28,50-59,81,101,431
2021-11-28,30-39,198,206,1050
2021-11-28,70-79,26,41,143
2021-11-28,40-49,132,153,741
2021-11-28,60-69,56,74,258
2021-11-28,90+,<15,<15,24
2021-11-28,80-89,<15,16,59
2021-11-28,0-19,9340,558,892
2021-11-29,90+,<15,<15,<15
2021-11-29,50-59,82,107,388
2021-11-29,60-69,33,65,216
2021-11-29,80-89,<15,20,84
2021-11-29,70-79,29,25,109
2021-11-29,30-39,201,180,952
2021-11-29,0-19,8275,314,811
2021-11-29,20-29,253,258,1000
2021-11-29,40-49,140,128,677
2021-11-30,70-79,29,22,119
2021-11-30,50-59,65,77,340
2021-11-30,60-69,40,59,209
2021-11-30,80-89,<15,<15,64
2021-11-30,40-49,125,109,580
2021-11-30,30-39,196,149,911
2021-11-30,90+,<15,<15,21
2021-11-30,0-19,9347,322,809
2021-11-30,20-29,223,232,899
2021-12-01,50-59,83,76,387
2021-12-01,80-89,<15,17,51
2021-12-01,70-79,20,27,126
2021-12-01,30-39,177,167,933
2021-12-01,60-69,37,55,212
2021-12-01,20-29,240,262,1058
2021-12-01,90+,<15,<15,21
2021-12-01,0-19,7942,333,874
2021-12-01,40-49,121,116,634
2021-12-02,30-39,242,210,1175
2021-12-02,20-29,243,270,1144
2021-12-02,90+,<15,<15,<15
2021-12-02,0-19,8386,537,1050
2021-12-02,70-79,17,43,119
2021-12-02,50-59,90,103,471
2021-12-02,60-69,39,68,219
2021-12-02,80-89,21,<15,57
2021-12-02,40-49,117,159,717
2021-12-03,0-19,6004,217,558
2021-12-03,50-59,40,50,261
2021-12-03,60-69,17,30,100
2021-12-03,70-79,<15,<15,55
2021-12-03,30-39,104,86,646
2021-12-03,80-89,<15,<15,24
2021-12-03,90+,0,<15,<15
2021-12-03,20-29,99,144,649
2021-12-03,40-49,78,75,425
2021-12-04,50-59,<15,20,86
2021-12-04,70-79,<15,<15,<15
2021-12-04,60-69,<15,<15,33
2021-12-04,0-19,2384,79,140
2021-12-04,40-49,25,21,120
2021-12-04,30-39,19,34,183
2021-12-04,20-29,47,56,273
2021-12-04,80-89,<15,0,<15
2021-12-05,70-79,22,41,123
2021-12-05,30-39,186,168,921
2021-12-05,90+,<15,<15,<15
2021-12-05,40-49,126,137,603
2021-12-05,0-19,7663,450,1205
2021-12-05,80-89,<15,<15,69
2021-12-05,60-69,37,45,213
2021-12-05,50-59,62,111,421
2021-12-05,20-29,228,271,1052
2021-12-06,90+,<15,<15,18
2021-12-06,40-49,107,126,499
2021-12-06,30-39,176,180,824
2021-12-06,70-79,<15,24,105
2021-12-06,60-69,40,57,193
2021-12-06,20-29,256,285,1200
2021-12-06,50-59,68,98,339
2021-12-06,0-19,6066,372,1002
2021-12-06,80-89,<15,<15,44
2021-12-07,30-39,166,188,889
2021-12-07,0-19,4832,486,788
2021-12-07,60-69,41,53,175
2021-12-07,50-59,63,101,314
2021-12-07,80-89,<15,25,46
2021-12-07,20-29,333,388,931
2021-12-07,70-79,27,32,159
2021-12-07,40-49,126,139,515
2021-12-07,90+,<15,<15,26
2021-12-08,40-49,110,115,484
2021-12-08,70-79,21,32,96
2021-12-08,90+,<15,<15,21
2021-12-08,50-59,69,97,315
2021-12-08,30-39,172,169,759
2021-12-08,0-19,4213,406,863
2021-12-08,20-29,296,260,988
2021-12-08,60-69,34,53,170
2021-12-08,80-89,<15,16,33
2021-12-09,60-69,47,60,191
2021-12-09,90+,<15,<15,<15
2021-12-09,80-89,<15,<15,36
2021-12-09,70-79,17,34,85
2021-12-09,20-29,252,276,1071
2021-12-09,50-59,80,113,354
2021-12-09,40-49,104,137,653
2021-12-09,30-39,199,183,1029
2021-12-09,0-19,5508,380,931
2021-12-10,20-29,131,115,571
2021-12-10,0-19,2516,194,490
2021-12-10,60-69,31,34,119
2021-12-10,50-59,60,62,247
2021-12-10,80-89,<15,<15,16
2021-12-10,70-79,<15,<15,48
2021-12-10,30-39,125,120,631
2021-12-10,90+,<15,<15,<15
2021-12-10,40-49,127,107,416
2021-12-11,40-49,15,29,165
2021-12-11,50-59,16,16,80
2021-12-11,30-39,18,32,189
2021-12-11,70-79,<15,<15,<15
2021-12-11,20-29,56,54,283
2021-12-11,0-19,1372,92,180
2021-12-11,60-69,<15,<15,29
2021-12-11,80-89,0,<15,0
2021-12-12,30-39,248,210,1097
2021-12-12,90+,<15,<15,<15
2021-12-12,80-89,<15,<15,55
2021-12-12,70-79,32,48,170
2021-12-12,40-49,175,179,760
2021-12-12,60-69,70,77,292
2021-12-12,50-59,102,112,473
2021-12-12,20-29,354,328,1145
2021-12-12,0-19,6300,434,1140
2021-12-13,30-39,176,180,854
2021-12-13,0-19,5436,547,972
2021-12-13,70-79,20,39,129
2021-12-13,20-29,297,280,1062
2021-12-13,80-89,<15,<15,53
2021-12-13,40-49,109,116,562
2021-12-13,90+,<15,<15,<15
2021-12-13,60-69,46,61,226
2021-12-13,50-59,63,96,359
2021-12-14,80-89,<15,25,52
2021-12-14,70-79,23,48,142
2021-12-14,90+,<15,<15,16
2021-12-14,30-39,183,234,944
2021-12-14,20-29,269,265,1048
2021-12-14,40-49,128,155,553
2021-12-14,0-19,6606,5170,1460
2021-12-14,60-69,38,57,211
2021-12-14,50-59,69,111,372
2021-12-15,80-89,<15,<15,54
2021-12-15,60-69,41,71,231
2021-12-15,0-19,6332,6556,1654
2021-12-15,90+,<15,<15,<15
2021-12-15,30-39,213,184,987
2021-12-15,20-29,340,247,1172
2021-12-15,50-59,98,99,387
2021-12-15,40-49,149,148,692
2021-12-15,70-79,18,40,120
2021-12-16,50-59,101,111,501
2021-12-16,80-89,<15,16,64
2021-12-16,0-19,7182,7569,2007
2021-12-16,40-49,149,178,842
2021-12-16,70-79,25,33,141
2021-12-16,30-39,272,260,1241
2021-12-16,60-69,53,85,279
2021-12-16,90+,<15,<15,16
2021-12-16,20-29,293,317,1313
2021-12-17,30-39,127,113,752
2021-12-17,0-19,3922,4671,1350
2021-12-17,80-89,<15,<15,26
2021-12-17,70-79,<15,<15,56
2021-12-17,50-59,47,54,288
2021-12-17,20-29,126,111,683
2021-12-17,60-69,15,34,105
2021-12-17,40-49,104,93,509
2021-12-17,90+,<15,<15,<15
2021-12-18,40-49,21,26,166
2021-12-18,60-69,<15,<15,30
2021-12-18,30-39,25,30,180
2021-12-18,70-79,<15,<15,<15
2021-12-18,80-89,0,0,<15
2021-12-18,50-59,<15,<15,101
2021-12-18,90+,0,0,<15
2021-12-18,0-19,3832,2763,504
2021-12-18,20-29,36,50,267
2021-12-19,50-59,86,120,468
2021-12-19,80-89,15,17,76
2021-12-19,40-49,116,170,772
2021-12-19,60-69,43,77,279
2021-12-19,0-19,6237,8342,2210
2021-12-19,90+,<15,<15,21
2021-12-19,70-79,22,45,156
2021-12-19,30-39,206,210,1078
2021-12-19,20-29,255,324,1124
2021-12-20,0-19,7298,6683,2148
2021-12-20,60-69,35,72,192
2021-12-20,30-39,186,167,792
2021-12-20,20-29,267,259,1041
2021-12-20,80-89,15,<15,36
2021-12-20,50-59,64,97,339
2021-12-20,40-49,122,155,581
2021-12-20,70-79,<15,35,93
2021-12-20,90+,<15,<15,15
2021-12-21,80-89,<15,18,56
2021-12-21,50-59,83,144,418
2021-12-21,40-49,137,155,734
2021-12-21,30-39,220,178,965
2021-12-21,90+,<15,<15,17
2021-12-21,70-79,15,50,136
2021-12-21,60-69,42,77,256
2021-12-21,0-19,8781,7696,2693
2021-12-21,20-29,274,279,1012
2021-12-22,50-59,84,104,409
2021-12-22,40-49,128,172,647
2021-12-22,60-69,52,77,244
2021-12-22,70-79,25,50,150
2021-12-22,20-29,293,310,1013
2021-12-22,0-19,8845,7154,2644
2021-12-22,80-89,<15,<15,68
2021-12-22,30-39,233,218,875
2021-12-22,90+,<15,<15,23
2021-12-23,20-29,313,367,1119
2021-12-23,50-59,102,158,524
2021-12-23,90+,<15,<15,16
2021-12-23,0-19,10619,9032,3805
2021-12-23,60-69,44,102,268
2021-12-23,40-49,158,183,830
2021-12-23,80-89,<15,35,63
2021-12-23,30-39,235,300,1162
2021-12-23,70-79,30,52,180
2021-12-24,60-69,25,45,148
2021-12-24,80-89,<15,<15,26
2021-12-24,0-19,5337,5624,2591
2021-12-24,40-49,136,124,576
2021-12-24,50-59,68,80,294
2021-12-24,20-29,172,162,617
2021-12-24,30-39,136,151,791
2021-12-24,70-79,18,21,79
2021-12-24,90+,0,0,<15
2021-12-25,0-19,3191,2380,1137
2021-12-25,50-59,<15,<15,70
2021-12-25,30-39,38,51,229
2021-12-25,90+,<15,<15,<15
2021-12-25,40-49,29,31,172
2021-12-25,60-69,<15,<15,37
2021-12-25,70-79,<15,<15,30
2021-12-25,80-89,<15,<15,<15
2021-12-25,20-29,48,70,310
2021-12-26,0-19,9586,7668,3685
2021-12-26,20-29,402,373,1317
2021-12-26,90+,<15,<15,15
2021-12-26,60-69,69,107,319
2021-12-26,30-39,257,247,1132
2021-12-26,80-89,<15,36,64
2021-12-26,40-49,185,233,870
2021-12-26,70-79,34,78,203
2021-12-26,50-59,107,138,510
2021-12-27,70-79,22,69,165
2021-12-27,60-69,53,97,311
2021-12-27,20-29,388,310,1570
2021-12-27,90+,<15,<15,29
2021-12-27,80-89,<15,28,73
2021-12-27,50-59,103,119,481
2021-12-27,0-19,9349,6073,3539
2021-12-27,30-39,261,221,1102
2021-12-27,40-49,163,179,769
2021-12-28,30-39,315,296,1296
2021-12-28,90+,<15,<15,30
2021-12-28,60-69,55,105,359
2021-12-28,50-59,103,159,616
2021-12-28,70-79,28,60,245
2021-12-28,80-89,19,30,99
2021-12-28,0-19,10239,6136,4447
2021-12-28,20-29,387,385,1461
2021-12-28,40-49,204,229,913
2021-12-29,60-69,51,104,324
2021-12-29,70-79,22,65,207
2021-12-29,90+,<15,<15,30
2021-12-29,30-39,299,219,1022
2021-12-29,40-49,230,179,784
2021-12-29,50-59,105,131,557
2021-12-29,80-89,<15,29,95
2021-12-29,0-19,8869,4926,3889
2021-12-29,20-29,391,264,1245
2021-12-30,90+,<15,<15,23
2021-12-30,40-49,174,202,1294
2021-12-30,80-89,<15,23,133
2021-12-30,0-19,9998,6472,5682
2021-12-30,20-29,392,369,1556
2021-12-30,50-59,102,191,864
2021-12-30,60-69,56,106,630
2021-12-30,30-39,269,263,1513
2021-12-30,70-79,<15,61,383
2021-12-31,20-29,30,<15,91
2021-12-31,0-19,801,220,439
2021-12-31,60-69,<15,<15,<15
2021-12-31,80-89,<15,0,<15
2021-12-31,70-79,<15,<15,<15
2021-12-31,90+,0,0,<15
2021-12-31,40-49,<15,<15,68
2021-12-31,50-59,<15,<15,41
2021-12-31,30-39,30,28,122
2022-01-01,60-69,0,<15,<15
2022-01-01,40-49,<15,<15,26
2022-01-01,50-59,<15,<15,18
2022-01-01,20-29,<15,<15,28
2022-01-01,0-19,118,36,93
2022-01-01,30-39,<15,<15,19
